tag,value,copyCount,author
睡前小故事,"睡前小故事/《悟空》
孙悟空被压在五行山下五百年，直到唐僧揭开封印救他出来，才终于能一展拳脚。取经路上，唐僧每隔几天，就要乱跑出去，每次出去，都惹些祸事。孙悟空不止一次地跑去救他，降妖除魔。又一次，孙悟空将白骨精毙于棍下，转身离开。待悟空走远，白骨精重新聚成人形。“真是不好意思呀。”唐僧不断地拜谢，“没想到这一路遇到的妖精都这么善良，之后到了佛祖那里，我一定会如实禀报你们的善行。”“都是些举手之劳，能做些善事自然是好的。我不求回报，长老真的不要费心了！”白骨精急忙摆手，然后又小心翼翼地问道，“只是不知道您耗费这么大力气，是为了什么。”“听说那猴子以前是齐天大圣，要强得很。可他压在山下那么多年，法力又怎么可能不退步，若是被他知道真相，大概会很伤心吧。”唐僧道，“只好拜托你们陪我演这出戏，除了一开始遇到的那几只妖精，居然都愿意帮我。”孙悟空远远望着这一幕，扛着棍子，一个筋斗远去。“这傻和尚。”孙悟空笑着摇头，敲响了面前的山门。“你谁啊？”妖精开门，皱起眉头。“你孙爷爷。”孙悟空棒子一甩，顶住妖精额头，“过会儿有个小和尚要来，你演出戏，让他以为世界充满善意。”“不干就打死你。”
",0,网络
睡前小故事,"睡前小故事/《将军》
寒冬降临，边塞的树林里尽是积雪，白茫茫横贯一片。正在巡逻的士兵，却意外发现雪中有处黑点。他走上前去，发现一只瘦弱的松鼠躺在雪中，似乎几欲冻死。他想了想，在松鼠身边生了火。几分钟后，松鼠醒了过来。它颇有灵性，寻了一枚松果，塞到士兵手中，似乎是要感谢其救命之恩。“哎，这个我可不能收。”士兵道，“我可是要当将军的人，要有大家之气。”松鼠再三坚持，却都被拒绝，最后有些不满意的嘶了一声，跳跃跑开。数年过去，士兵果然如愿成为守城将军。上任的第一年，只遇到了一只闲散的军队围城。将军志得意满，心道如此军队，待补给一到，养精蓄锐，必能将其打得落花流水。然而数天过去，补给却始终没有消息。直到马弱人衰时，他才得知，补给早就在数十里外被抢劫殆尽。夕阳落下之前，将军最后看了一眼城外的大军，叹了口气。粮草被劫，士卒乏累，只怕这城，是想留也留不下了。“明日清晨，我将便出城投降。”将军低声道，声音中充满着不甘，“那时我会自刎于城前，以求对方保你们安全。”“将军，万万不可啊！”将军却摇摇头，再不说话，把自己关入屋中。一夜大风，窸窸窣窣声音在帐外传来，似乎就连老鼠都因无粮而迁徙。天刚蒙蒙亮时，将军便穿好了盔甲，佩剑而出。由粮草构成的小山堆满了营地，无数松鼠穿梭往来。小山的顶端，坐着一只松鼠，它抬手，将松果扔向将军。“喏，收下吧，就别矫情了。”松鼠道，“谁还不是将军咋地？”
",0,网络
睡前小故事,"睡前小故事/《两军》
边塞黄沙的绿洲旁，坐落一间客栈。老板胡子花白，酿的米酒堪称一绝。二十年前战争开始，店里跑来蹭酒的兵痞便源源不断。他倒也不生气，只是边关混乱，胡汉两军又都馋他的酒。店中相遇，免不了相互叫骂甚至砍杀。这时，老板就偷偷打开后门，放走失利的一方。又叫胜方一声兵爷，送上两坛好酒，安抚赔笑。如此数年，相安无事，直到一伙新来的马匪闯进大漠。他们趁着关外战事严峻，洗劫绿洲。马匪们冲入客栈，掀桌打砸。老板心疼地上去阻拦，被一脚踹开。“拿钱来！”马匪拽着老板的头发，按在桌面。两军作战的击鼓声突然停了。不一会儿，客栈的们被狠狠撞开，身着两身不同军装的士兵涌了进来。“老头，今天后门就不用开了。”为首的两位将军互相啐了一口，异口同声。
",0,网络
睡前小故事,"睡前小故事/《死神》
“先生，这可能是最后一杯了，邻家种麦子的小子丢了祖传的镰刀，给急出了病，估计活不长了。”酒吧老板擦着杯子，惋惜的摇头。死神端着他最爱的麦酒，推开了酒吧的大门。他穿过村庄，来到青年家中。瘦骨嶙峋的青年蜷缩在床角，挣扎着睁开眼睛。“你是要收割我的灵魂吗？”死神冷哼一声，把镰刀甩给青年。“别废话，滚去收麦子。”
",0,网络
睡前小故事,"睡前小故事/《单车》
“这几天车子好重啊，不会是撞鬼了吧...”骑着单车的女孩被自己的想法吓了一跳。她后背发凉，打了个冷战，耳边感受到一丝冰冷的鼻息。女孩惊叫一声，用力踩着脚踏板。单车仿佛脱弦的箭般向前冲去。一次转角后，货车的灯光晃花了女孩的眼睛。她微张着嘴，被突如其来的危险吓得呆住了。自行车把手突然一偏，失去了控制，与货车擦肩而过。女孩摔在地上，腿上划了一道伤口，哭的梨花带雨。“妈的，老子就想搭个顺风车而已啊！”小鬼气急败坏的跺脚，他把女孩扶到车上，生着闷气努力推着。“鬼走路也会累嘛？”过了一会儿，女孩出声问道。“嗯。”“你为什么不搭其他人的车呀？”“闭嘴啊，推车很累的。”小鬼吼道，耳朵泛起了浅浅的红色。
",0,网络
睡前小故事,"睡前小故事/《狼》
搭肩“我跟你讲，这座森林里，有很多狼。”少年的好友煞有介事地道，“走夜路的时候，一旦肩膀被搭住，千万不要回头，只要你一回头，就会被狼咬断脖子。”少年耸了耸肩：“小说看多了吧。”朋友欲言又止，终于还是没说什么。太阳西落，少年走在小路上，向家的方向赶去。风吹动树叶，发出沙沙的声响。他突然感到肩膀上搭了些什么，心里猛地一惊。少年想起之前朋友说的话，双腿都软了。他脖子僵硬着向前，一直没敢回头。“停！”走到森林中央时，少年的耳边响起一声大吼。少年猛地停住，差点吓出尿来。“嗷~我到家啦，谢谢你背我吼。”灰狼拍了拍少年的肩膀，掏出两枚碎银子，塞到少年手中，“喏，其中一颗，是你背我回家的酬劳。”少年接过银子，还没反应过来状况，傻傻问道：“那另一颗呢...”灰狼：“我说段话，你把这段话说给别人。另一颗，就是这个的报酬啦！”
",0,网络
睡前小故事,"睡前小故事/《金鱼》
家里新添了鱼缸，小猫蹲在缸前，视线紧紧跟着游来游去的金鱼。女孩笑眯眯的摸着猫的头，道：“等鱼长大了，就送给你吃。”小猫回头，似是答应般的喵了一声。时间一天天过去，鱼长得越来越大，小猫每天都跑到鱼缸前观察，催促着女孩喂食，仿佛巡视着草场的牧民。夏夜，女孩被热醒。睡眼朦胧地摸着床头的水杯。她一伸手，不小心将杯子打翻。水撒到插线板上，电光闪了几下，火苗瞬间便点燃了屋子。女孩惊醒，急忙切断电源，火势越来越大，转眼间已经蔓延到了门口。一身焦味的少年闯入，他拎起了鱼缸，扑灭了门口的火，拖着女孩跑了出去。二人刚刚站定，女孩后脑勺便挨了一巴掌。她诧异地回头，少年一脸委屈，说话声音都带了哭腔。“你陪我的金鱼！”
",0,网络
睡前小故事,"睡前小故事/《影子》
每到夜里，男孩总是久久不能入睡。月光下任何东西的剪影，都会使他胆战心惊。他很怕黑。“有鬼…”男孩含着眼泪对妈妈说。妈妈安抚的拍了拍他的后背，帮他关上了门。她只是说了一句睡着就好了，丝毫没放在心上。男孩用被子蒙着头，不敢闭上眼睛。角落里传来一声叹息。男孩的影子突然动了，它伸手从旁边一抓，扯出一脸惊恐的白色的幽魂，夹在腋下。那幽魂就像小狗一样老实。“小子，这就是鬼。”影子不耐烦道，“现在是晚上，我的主场，这玩意儿有什么好怕的。”男孩惊奇的睁大了眼睛，向床边爬去。“所以你tm能不能睡了？”影子伸手按住男孩向前探的头，咬牙切齿。
",0,网络
睡前小故事,"睡前小故事/《大侠与魔王》
大侠与魔王争斗了很多年。魔王烧杀抢掠，无恶不作，每次路过人类居住的地方都会引发一场灾难。而大侠从小的梦想，便是打倒魔王，成年之后的他终于武功大成。自那天起，魔王去哪里，大侠便会追到哪里。两者每次争斗都是平手，这种情况持续了整整三十余年。魔王一次又一次受其牵制，三十多年没能作恶，气的牙根痒痒却无奈无法摆脱。直到大侠所在的国家敌国开战，大侠参军，上了战场。一次战役中，他被重兵包围，乱刀伏杀。葬礼上，所有人肃穆而立。大侠的家人捧着花环，缓缓放在墓碑之前。轰的一声巨响，魔王落在空地中央。他冷哼一声，环视了一圈。所有的人都被魔王的气势压迫，下意识退后一步。魔王看到不屑地一笑，向墓碑走去。大侠的家人这才反应过来，急忙上前阻拦。“他即便死了，你也要来闹这么一场吗！”魔王不耐烦的甩了甩头，一把将人扇到一边。“一群废物，都他妈滚。连他讨厌什么都不知道，还好意思作为他的家人。”魔王啐道，“他就是死了，也不需要花这种东西摆在墓碑前面。”魔王拧开一瓶酒，洒在坟前，然后松开了手中拎的包裹。敌军元帅的头颅滚了出来。“你也是废物，不是和我打了那么多场吗，这种人都处理不了。”
",0,网络
睡前小故事,"睡前小故事/《酒》
男人最好饮酒，每天晚上，都一定要去村子尽头的小酒馆买上几两米酒。他心思仗义，又武艺高强，每次酒馆中有人闹事，都出手平定。一来二去，酒馆老板的小女儿，倒是倾心于他。“我要嫁给你。”那天男人填了参军的榜后，女孩把他堵在酒馆。“别扯了。”男人笑着摆手，“我马上要去参军，上了战场能不能回来都是两说，你怎么嫁？”小姑娘倔的要死：“我不管！”男人无奈，半开玩笑的安抚：“要是能活着回来，我就娶你。”女孩倒是当真，煞有介事的与他拉钩。七年后，男人终于衣锦还乡。他在家呆了近半个月，也没下定决心去小酒馆。明明当初自己是当玩笑，此时反而却又有点怕那姑娘把自己忘得一干二净。纠结再三，男人终于还是去了。他如七年前般点了坛酒。女孩见了他，却没有任何特别的反应。“她果然已经忘了我了。”男人有些落寞地自嘲，“想想也是，谁能等一个杳无音讯的人七年。”他叹了口气，把酒坛中的酒仰头倒进嘴中。男人砸了咂嘴，口中酒香四溢。一坛酒下肚，本就心情有些压抑的男人已经有了七分醉意。“姑娘！”男人叫道，“这酒好喝，再给我来一坛！那女孩坐在男人对面的椅子上，用手撑着下巴。她露着小小的酒窝，甜甜笑道：“客官，没有酒了。”男人眉毛一竖：“你这是酒馆，怎么可能没有酒？”“因为你傻。”女孩气鼓鼓的嘟起了嘴，“藏了二十多年的女儿红，当然只有这一坛。”
",0,网络
睡前小故事,"睡前小故事/《刺青》
“小姑娘家家的，你才多大？”刺青师翘着二郎腿坐在椅子上，翻了个白眼。“怎么，还怕我未成年？”女孩有些不满道，“你多虑了。”刺青师正过身子，盯着女孩稚嫩的脸，笑出了声：“倒不是怕你未成年，只是纹身这东西，纹的时候容易，想去掉可就难了。你那小男朋友才多大，以后的事情谁也说不好。”“你管我呢？话那么多，我又不是不付钱。”女孩皱起了眉头，“你到底纹不纹，不纹我就去别家了。”“我就是提个建议嘛，你急什么？”刺青师从桌子上拿过一本画册，指着上面的图案道，“与其纹别人的名字，还不如纹个小狐狸，你看，多可爱。”“我就要纹名字。”刺青师拗不过，只好无奈地摇摇头，在女孩的脚踝处纹下了名字。正如刺青师所料，当初许下的山盟海誓，不到一年时间就被废弃到不知何处。女孩分了手，以泪洗面了几天后，蹒跚着步伐去了酒吧。几杯酒下肚，女孩眼前开始模糊。酩酊大醉的女孩从酒吧出来，被门口的小混混架住，前往附近的酒店。她感到一丝危险，却因醉酒而无力挣扎。一道金光从女孩的脚踝绽放而出，纹身消失的同时，金色的狐狸跃起，将女孩身边的混混震飞出去。数公里外的刺青店，刺青师喝了口酒，看着空中飞逝回来的金光，打开了画册。金光一闪，钻入其中画着小狐狸的那页。“都说了，小狐狸比较可爱，你还不信。”刺青师笑着摇头，“害它在那么几个字里憋了这么久。”
",0,网络
睡前小故事,"睡前小故事/《玩具骑士》
男孩得到了一个玩具骑士，骑士手执兵刃，战意凛然，只是缺了一套合身的铠甲。六一那天，男孩拿了积攒下的零花钱，兴冲冲跑去商店。却意外地发现，橱窗下写着年幼的他根本难以负担的高价。“如果能有一身铠甲，就可以为我抓条龙来。”男孩憧憬地道，却只能无奈的摇头。他越长越大，那骑士随着搬家，也不知丢在哪了。直到十年以后。偶然的一次打扫，男人找到了年幼时的箱子。“啊，好久不见。”男人看着颜色已经发淡的骑士，怀念道。当天夜里，他下班回家时，手中多了一个盒子。盒子拆开，是一套小小的银甲。男人把银甲套在骑士身上，轻道了一声：“儿童节快乐。”夜深，突然传来一阵窗户敲响的声音。男人睡眼朦胧的下床，走到窗边，将其打开。有银甲在月光下闪耀。一名高大的骑士翻窗而入，手腕一抖，甩进来一条飞龙。飞龙摔在地上，哼哼唧唧的痛号。男人目瞪口呆。骑士把右臂置于胸口。“儿童节快乐，我的主人。”
",0,网络
睡前小故事,"睡前小故事/《取心》
大陆上有五个王国，自数十年前起，便开始纷争不断。五个国家的国王都想一统天下，为此甚至不惜民众数十年如一日般处于水火之中。其中一个国家的术士对国王说：“在大漠深处的魔窟中，生活着一名女妖。传说只要取到她的心，便可王天下。国王闻言大喜。他吩咐士兵绑架了大陆最强的骑士的父母，以此要挟其前去猎杀女妖。骑士本不愿插手政治，却终究难以脱身事外。他进入大漠，执着利剑一路奔袭，最终在魔窟深处与女妖相遇。女妖不谙世事，一脸好奇地左瞧右看，骑士抬剑欲挥，她也丝毫不知道闪躲。骑士叹了口气，把剑扔到一边，弯下腰摸了摸女妖的头。“别怕，我不杀你。”他道。骑士住进了魔窟，他猜若是国王以为他死了，或许还能饶父母一命。女妖原本孤身一人，这下有了伴，每天缠着骑士给她讲外面的事情。骑士倒也乐得清闲，便把自己身上发生的事情讲给女妖听。时间转眼过了半年，这天清晨骑士醒来时，意外地发现女妖竟比自己起的还早。女妖风尘仆仆，手中拎了五个包裹，显然是刚从外面回来。骑士嗅到了包裹里的血腥气味，皱了皱眉。他打开其中一个，吓了一跳，那包裹里赫然便是自己国家那暴君的头颅。他目瞪口呆地看着面前摆成一排的五个包裹，吃惊到下巴几乎要碰到桌面。“这...这是...？”他磕磕巴巴地开口。“五大王国国王的首级。”女妖狡黠的笑了笑，“就当是你杀的。既然他们残暴不堪，那这皇帝就你来当好了。”骑士带着女妖回了国。他本就威望极高，被压迫已久的人民欢呼着将其捧上皇位，发自内心地尊他为领袖。“你愿意做我的王后么？”登上王位的那天，骑士向女妖表白。女妖红着脸点了点头。骑士大喜，接着突然想起了那个关于女妖的传说。他一愣，不禁莞而一笑。“原来是这么取心。”
",0,网络
睡前小故事,"睡前小故事/《小贼》
少年轻手轻脚地攀上行宫的院墙，翻了进去。墙内如他预料的一般静谧，这里虽住着皇亲国戚，却终归不如皇宫那般守卫森严。整座行宫内仅有很少数的几位家仆侍卫仍然醒着。少年穿行在树丛间，小心翼翼地绕开巡夜的人，走到宫门前。他把宫门开了个缝隙，钻了进去。一把剑抵住了少年的下颌。“大胆蟊贼——”清脆的女声响起，“哎，你竟然还敢还手？！”几秒钟后，少年被踩住胸口按在地上，利剑抵着咽喉，眼眶边也多了一块紫色。看着少年可怜巴巴的样子，公主却又有些不忍心了。她弯下腰，眯起眼睛打量了一番，然后突然笑出了声：“你武功这么烂，还做什么贼？”少年本被盯得耳朵发热，听了这话，却是挣扎着坐了起来，哼了一声。“盗术又不在于功夫！”他不忿道。公主扬了扬眉毛，把剑收回。“我要你帮我偷一样东西。”她道，“你不是说自己盗术超人嘛，工部尚书家里的账本，我倒看你敢不敢偷。若你能做到，我赏你黄金百两。”少年深深地看了她一眼，身形一闪，便不见了人影。公主本是随口一说，没想到三天后，账本果然被少年带来。大贪的证据被呈给皇上，工部尚书被传审，一周不到的时间内，便被打入了天牢。“你再帮我偷样东西。”公主把装着金子的包裹交到少年手上，道。少年拽了几次都没拽动，只好无奈地应承了下来。那天之后，少年帮公主偷了很多东西，上到敌军密信，下到她爱吃的零食。少年本人也从公主的贴身侍卫一路升到将军的位子，凭借一手来无影去无踪的功夫，为国家立下了汗马功劳。又一天，大胜归来的男人敲响了公主的门。他望着公主的眼睛，单膝跪地道：“臣有一事所求，还望公主答应！”“你先帮我偷一件东西。”公主将男人的话打断，“到父皇宫中。”男人眼中闪过一丝失望，但还是点了点头。几个时辰后，男人拿到了公主所说的箱子。他将锁扣撬开，鲜艳的大红色映入目中。 一颗绣球。男人一怔，还不待其反应，便听到了身后公主脆生生的声音。“你所求之事，我准了。”
",0,网络
睡前小故事,"睡前小故事/《胖子》
女孩父母早亡，自小便吃着百家饭长大。孩子们不愿与女孩交朋友，因为她从来没有什么可以分享的东西。邻居能匀出一丝善心给她口饭吃，却不会施舍更多。对女孩来说，其他孩子很容易得到的新衣与玩具，似乎永远是遥不可及的梦。女孩养了只橘色的小猫，每日向其倾诉着自己的悲伤与喜悦，并尽力在自己嘴里省下饭来喂它。然而连自己都喂不饱的女孩却愈发难以为继，到了后来，连这只小猫也离她而去。所有孩子都去上学那天，女孩只能如往常一般去垃圾场捡些废品。那天夜里，贫民窟来了位不速之客。华丽的马车停在与其格格不入的破屋边上，众多孩子目光的注视下，一个浑身肉颤的胖子踉踉跄跄下了马车。胖子清了清嗓子，扬声道：“我要招募一位骑士！”骑士是贵族的起点，巷子里的孩子闻声都一怔，接着急忙挤上前去，纷纷举起手，希望胖子注意到自己。“死胖子，还想把人骗去做奴隶。”刚捡完废品回家的女孩远远望着，厌恶地啐了口，“一看就是贪污受贿的狗官。”胖子看到女孩的背影，双眼顿时就是一亮。“就你了就你了！”胖子兴高采烈地指着女孩的方向。包括女孩在内的所有人都愣住了——女骑士并不少见，但女孩瘦弱的样子却绝不像值得被培养的对象。然而女孩刚想出声反对，却被跑到她身边的胖子一把拽进了马车。令女孩意外的是，她本以为是骗子的人竟随即向她讲起了作为骑士的准则。女孩怔了一怔，神情由不屑变得认真。十年转瞬即逝，女孩长大成人，胖子也由最初的领路人变为辅佐者。英勇善战的女孩在胖子的帮扶下成长为有名的女将军。后来天下大乱，她率军反了暴虐的王庭，被拥立为新王。女孩登基那天胖子没来，被派去寻找胖子的卫兵只在屋内寻到了一封辞信。当天下午众多道士离开王宫后，女王颁布了登基后的第一道圣旨——捕猫，橘猫。“我想着你长大了，以后大概也不需要我，就走了。”胖子低声道，“倒是你...那些道士最多只能看破我是妖而已...你究竟怎么发现的？”“很容易呀。”女孩笑道，“最爱吃鱼，喜欢捉蜻蜓，从来不让人碰脖子，嗯...还过于胖了...”胖子露出了悲愤的表情。“再说了，”女孩狡黠地眨了眨眼睛，“谁说我不需要你了。”“女王大人又迟到了。”赶来参加议会的女王进门后，卫兵冲队长挤了挤眼睛，“你说女王她是不是...”“女王不喜欢男人的。”队长摇了摇头。卫兵吓了一跳：“难道女王好女风？！”“女王她...”队长嘴角抽了抽，好半天才憋出下半句话。“好猫...”
",0,网络
睡前小故事,"睡前小故事/《甜筒》
少年将变成猫咪的小妖精从自己肩膀上强拽下来，按在沙发上，强压着怒气道：“你到底要干什么？！”小妖精被吓得缩了缩脖子。少年天生便能感受到妖气。与其他拥有类似能力的人不同，少年没加入任何猎妖组织，十几年来，他始终隐藏着自己的能力，过着与普通人没有分别的生活——直到化为猫型的小妖精跳入他的怀中之前。尽管明白一切都是假象，喜猫的少年仍是不忍心见这幅可爱模样的小妖精被老猎妖师捉住，他抱起小妖精夺路而逃，直到彻底不见老猎妖师的踪迹才停下脚步。于是他便被小妖精缠上了。“要抓你的那个老东西很厉害，我没办法保护你，”少年把语气放柔，“你跟在我身边也没什么用。”小妖精“啪”地一声，变成一只可爱的柴犬。“不行。”少年态度坚定。小妖精又“啪”的一声，变成了一支甜筒冰淇淋。少年被气笑了，无奈道：“你这读心术倒是厉害，专挑我喜欢的东西变。只是你变的冰淇淋我又不能吃，有什么用？”小妖精闻声变回了猫咪的样子。少年叹了口气，道：“算了算了。”他回到卧室找来绷带，一边帮小妖精包扎伤腿，一边好奇问道：“你原来是什么样子的？”小妖精用力地摇了摇头。少年来了兴趣，然而无论他怎么问，女孩都不肯变出原形。“你对我这么点信任都没有，还缠在我身边做什么？”少年半真半假地怒道，伸手指向门口，“走！”小妖精沉默了一会儿，变成一个女孩。女孩脸上有修长显眼的刀疤，毁去了她原本姣好的面容。少年愣了下，伸出手，又在碰到女孩脸颊前的瞬间如触电般收回。“这样更容易被猎妖师认出来。”女孩声音如蚊鸣，解释道。女孩重新变成了甜筒冰淇淋。这之后，小妖精便在少年的出租屋住了下来。少年假期偶尔清闲，便带上化为猫咪的她四处踏青，少年要上课时，早出晚归，她便老老实实等着。少年心情抑郁或是生病受伤时，她就又变成各种东西逗其开心。如此一来，一年多便过去了。少年发现老猎妖师的气息时，已经来不及带着小妖精逃跑。他将小妖精塞进边的灌木丛中，深吸了口气，若无其事地向着那道强大的气息走去，二人擦肩而过时，少年猛地挥拳。少年从没被打得这么惨，却还是赢了。老猎妖师逃离的身影消失后，少年踉踉跄跄走向灌木，“啪”的一声，小妖精变成了一支甜筒冰淇淋。“可以变回来啦，”少年咳了咳，“我赢了哦。”甜筒变回猫咪。少年摇头：“不是这个。”小妖精沉默了下，化为人形。少年揉了揉女孩的头发，牵起她的手。“喜欢你。”他嘟囔道，只有女孩和他自己能听清，“比喜欢一百支冰淇淋还喜欢。”
",0,网络
睡前小故事,"睡前小故事/《贼甜》
“老大，你这不行呀！”小跟班苦口婆心，“人妖殊途，这你是知道的。”“殊途个屁！那是其他妖没本事。”男人怒道，从兜里掏出本言情小说，“这种人类顶级恋爱秘籍老子看了三千多本。其中1327本都写了女孩最喜欢的男人的类型——出手阔绰、为人大方。”“你别不信，”男人又补充道，“这书你看了就知道了，贼甜。”“哪甜了...”小跟班无奈道，“你藏在自动取款机里，她也不知道你的存在啊...”“你哪儿那么多意见！”男人狠狠瞪了小跟班一眼，“啥都不懂就少插嘴。”隔了几秒，男人又略有支吾地小声道：“那你说我该怎么办？”“往钱上写字！”小跟班目光坚定。“天才！”男人愣了下，随即狂喜，“你真他娘的是个天才！”自动取款机里，挤成一团的两个妖怪激动地击了个掌。那之后，女孩每次从自动取款机里取到的钱上都写着“我爱你”三个大字。最初几天，她倒是真的讶异了一阵。然而换了几家银行后，钱上的字却仍然存在。再后来，女孩在附近的超市买了块橡皮，回到了最初的银行。转瞬之间，又有一月过去了。“哇，你看她擦掉字的动作，好好看！”男人兴奋地摇着小跟班的肩膀，“贼甜！”“哪甜了...”小跟班翻了个白眼，“话说咱们最近一段时间来的时候，竟然都有和她见面。老大你为啥不直接当面跟她说呢？”“你懂个屁！”男人不屑的哼了一声，“像你这种...”嘭！门猛然合上的震响打断了男人要说的话。紧接着，戴着口罩手拿匕首的歹徒突然挤进了屋子，将女孩抵在了墙角。“钱交出来。”他道，“否则我就...”一张又一张纸钞猛地喷出，飞到他的面前。歹徒有些蒙，默默将几沓厚的钱捡起，塞进了包里。然而做完这一切后，他却又把刀扬了起来，笑嘻嘻地向女孩贴近。自动提款机突然疯狂震了起来，紧接着，一个男人不知怎么凭空出现，一脚将歹徒踢飞了出去，接着便是一顿暴打。待女孩回过神来，那男人又消失不见，唯剩下歹徒一人，踉跄着落荒而逃。女孩愣了会儿，掏出笔在钱上写了字，走到自动提款机前，存了三张进去。男人颤抖着将钱拿到眼前。“又偶遇啦。嗯...你是怎么进去的。”第一张写到。“在钱上写字是犯法的，以后不要这么做了。”第二张写到。第三张则什么也没写，只留了男人之前歪歪扭扭的三个大字。“这啥意思？”男人挠了挠头，“为啥这张啥也不写？”“妈的，”小跟班一脚给老大踢了出去，啐了口，道，“贼甜。”
",0,网络
睡前小故事,"睡前小故事/《八次》
大火点燃了整座居民楼。女孩从睡梦中惊醒时，浓烟已经笼罩了整个屋子，漆黑的烟雾遮挡了火光，让人难以看清逃亡外面的路。她只能感受到滚滚的热浪不断灼烧着皮肤，从其中榨出一丝又一丝水分。女孩身边的男人用打湿的毛巾覆盖住她的口鼻，然后将她横向抱起。“我们会没事的。”他安慰道，眼神变得坚定。接着，男人伏低身子，将最后一口洁净的空气深深吸入肺里。他一脚将门踹开，以此生最快的速度向外面奔逃而去。冲到三楼时，熊熊火焰已经封住了公寓的大门。他叹了口气，低头吻上了女孩的额头，然后一拳将玻璃打碎。男人纵身一跃，被浓烟裹挟着坠落。女孩参加了男人的葬礼。为了护其周全，男人全身十余处骨折、大面积重度烧伤，当晚便去世了。葬礼上，女孩一滴泪都没有，只是怔怔地看着男人的照片，一言不发。那天后，女孩辞了工作，回到了娘家。她终日躺在床上，双目无神地望着天花板。父母为了哄她开心，在宠物店买回了一只小猫。然而任凭小猫如何撒娇打闹，女孩的状态却仍没有任何变化。医生说，她把自己的心关进了牢笼之中，而锁上牢笼的那把锁，只有她自己才能解开。她的父母朋友虽然无奈，却也无计可施，只得看她一天天消瘦下去。但谁也没想到，女孩会在那天攀上天台。“如果还有来生，希望我们还能相见。”她一边想着一边向前倾身，然后跃下了天台。正在门口玩耍的猫咪看着她向下坠落的身躯，凄鸣了一声，疯狂冲出了窗口。然后在女孩落地前，纵身跃到了她的身下。恍惚间，女孩又见到了男人的身影。再醒来时，已是两天后的傍晚。女孩望着病床前的母亲，轻声道：“妈...我想喝粥了。”这是她几个月来第一次开口，声音嘶哑难听。“妈，我那天好像见到他了，他说，要让我好好活下去。”床头上，前腿打着绷带的小猫往她怀中缩了缩。“虽然什么都不方便，寿命也短，还要吃老鼠那种恶心的东西...不过...”“转世成这副身子，还能再救你八次。”
",0,网络
睡前小故事,"睡前小故事/《谪仙》
“我可是谪仙。”少年煞有介事地对老道士说，“你这小破庙只要有我进驻，今后成为名门望派，指日可待。”老道士眉毛都没抬一下，关上了门。少年愣了一下，随即恍然大悟，心道这老道士术法不精，连他的天赋都看不出来。他重新敲门，从怀中掏出一块玉佩，晃了两晃。“这块玉佩蕴含仙诀，但凡修道之人——”这次少年连话都还没说完，门就又一次被重重关上。“道长，我卜算天机，发现若想重登仙境，一定要拜您为师。”少年单膝跪下，第三次敲开了门，“小徒之前不守礼数，实为大过，还望您大人大量，不要计较。”老道士道：“滚去给我泡壶茶。”“妈的，老头，等我恢复法力了，非得让你给我擦鞋。”少年愤愤不平地嘟囔着，却还是拿了茶壶。就这样，少年算是正式认了老道士为师。老道士看上去不修边幅，实际上术法一点不差。少年天资本就超越常人，一番训练之下，竟在短短几年间连连突破。只是锋芒毕露未必就是好事，少年是谪仙的消息，不知怎么在江湖传开，觊觎他身上宝物的人也逐渐多了起来。这天夜里少年回到道观时，老道士正拿着铲子挖坑。坑边上是一具穿着魔教服装的尸体——这已经是少年第八次看到这样的场景。“我说老头儿，你一修道之人，杀气怎么这么重呢。”少年没大没小道。老道士眉毛一竖：“目无尊长，罚你闭关七天。”这种情况常有，只是少年万万没想到，这次却与往常不同。三天后，修妖修魔数十派系围攻青城山，老道士仍是那副不修边幅的样子，以一敌百。大战持续了三天三夜，鲜血染红了观墙，却没有任何妖祟能打搅到少年分毫。少年出关时，老道士似是终于力竭，身形一顿之下，挨了不知道多少攻击。“老头儿。喂，老头儿...你别死啊...你还没见证我登仙，给我擦鞋呢...”“老头儿...”少年抱着老道士，他只觉得那身躯轻如鸿毛，似乎随时便会随风飘散。他擦干眼泪，怒发冲冠。那一天，青城山雷霆万钧，狂暴的天劫吞噬了所有妖魔，也吞噬了老道士的遗骸。少年终于登仙，只是老道士不在了。“上仙，我带你去见老君，凡是修道之人，都得在他那报道一下。”仙官小心翼翼地对少年道，“您虽然直接登临一品，这规矩总是要守的。”少年桀骜地推开了兜率宫的门，却是丝毫尊敬的意思都没有。“滚去给我泡壶茶。”太上老君的声音从宫内传来。少年下意识地点头哈腰：“好嘞~”
",0,网络
睡前小故事,"睡前小故事/《高手》
城西有家客栈，客栈的老板娘据说是个高手，一套掌法出神入化，无论何人，在其面前都过不得三招。一开始自是有人不信，然而那客栈开了几年，颇有几个有名的武者前来切磋，最后却又都铩羽而归。时间长了，附近的高手们也知道这是块硬骨头，都很自觉地不去啃它。但即便这样，偶尔却也挡不住“过江龙”的不知深浅。此时便是如此。盗贼首领听了手下被打时描述，颇为不屑。在他看来，那客栈老板娘虽然会点功夫，却也只能打打这些喽啰。“我都说过不要给我惹事，你挨打也是活该。”首领毫不留情地训斥，接着，又冷哼一声，“不过这女人竟敢在我头上动土，那也就别怪我拿她立威！”心思转念间，首领便已决定前去讨伐。客栈门前，盗贼首领一边问着身边被打得鼻青脸肿的人，一边挽起了袖子。吧台后正在账本上写写画画的男人一见势头不对，急忙迎了上来，讨好道：“几位豪杰，小店打烊了。”首领本就打着闹事的心思，此时毫不留手，一耳光便扇了上去。“唉。”男人突然叹了口气。他毫无烟火气地抬手，卡住了首领的手腕，接着一扭间，掌心已是印上胸口，将其打飞出去。“还打吗？”男人问道。盗贼首领惊恐地吐出口血，先是猛地摇头，接着欲言又止。男人一眼便看出他的心思，无所谓道：“问吧。”“大侠，小的有一事想不通。”首领小心翼翼道，“您武艺如此高强，为何能甘愿屈居人下呢？”男人眉毛一立：“放你娘的屁屈居人下，这家里，什么时候轮到她…”两根手指掐上了男人的耳朵，狠狠一拧。“不去干活，在这儿堵着干啥？”男人瞬间变了脸色。他急忙转身，讨好地站在女人旁边。“老婆，刚才你打跑的强盗又回来了！”老板娘眼睛一亮，耍着三脚猫功夫冲了上来。“不准还手。”男人如鬼魅般跟着她的脚步，闪身到强盗首领耳侧，不自然地清了清嗓子。“还有…老子这可不是怕老婆，你要敢说出去，你就废了。”
",0,网络
睡前小故事,"睡前小故事/《石头精》
山上的两颗大石头一起存在了几万年，偶尔斗斗嘴偶尔聊聊天。有一天其中一颗大石头因为吸收了日月精华，成为了可以变成任何形状的石头精，他兴奋得在山上狂奔了一会，又回到另一颗大石头的身边：“虽然对外面的世界很好奇，可是我舍不得离开你呀。”另一颗大石头站起身来笑道：“走吧！我都等了你几百年了！”
",0,网络
睡前小故事,"睡前小故事/《苦咖啡》
犀牛厚厚：“给你泡的咖啡都放半天了怎么还不喝？”斑马菲菲：“我都忘了，马上喝。呀，这咖啡怎么那么难喝。”犀牛厚厚尝了一口，突然想起自己忘了放糖，于是叹了口气：“唉，它等你等得好苦。”
",0,网络
睡前小故事,"睡前小故事/《云朵》
有个小仙女喜欢把云朵捏成各种形状，这天她捏出了一群动物，却又突然一挥手把它们打散。路过的蜂鸟朵白问她：仙女你为什么不开心啊？仙女说：没有朋友和我一起玩~朵白说：管风的小神仙喜欢你很久了。仙女奇怪：你怎么知道？朵白：要不你以为，为什么每次捏云朵的时候从来没有来破坏的风。
",0,网络
睡前小故事,"睡前小故事/《变色龙》
从前有一个变色龙喜欢上一个女孩，每天都偷偷跟在后面保护她回家。一天晚上，变色龙像往常一样跟着，女孩突然转起身来，朝着已经跟墙壁同一颜色的变色龙走去，说：“以后想送我回家能顺便陪我聊聊吗？”变色龙惊讶道：“为什么你能看见我？”女孩笑了：“白痴，你见过墙壁会脸红吗？”
",0,网络
睡前小故事,"睡前小故事/《发条小熊》
发条小熊为了环游世界，在身上挂了个牌：当你看到我不动时，请帮忙到我身后拧下我的发条。鸵鸟爱莎看完牌子上的字，刚想帮忙，小熊突然开口说话了：“暂时还不用拧，刚才不动只是被你美呆了。”
",0,网络
睡前小故事,"睡前小故事/《吵架（拔河）》
犀牛厚厚：“菲菲，我希望我们以后不要吵架了，你知道，两个人吵架，就像拔河。”斑马菲菲：“一边放手，另一边就会受伤？”犀牛厚厚：“没那么深刻啦，我只是想说总是胖的那边赢，没意思。”
",0,网络
睡前小故事,"睡前小故事/《干活》
小兔子问农夫：农夫农夫~怎么才能像你一样手上长满厚厚的老茧？农夫说：跟我一起干活就行了。于是小兔子给农夫干了好多天的活，一直从播种干到丰收。农夫说：你喜欢吃什么就拿些回去吧。小兔子什么也没要，它开心的跑去找到小刺猬：你看，再也不怕扎破手，我可以和你一起玩跳山羊了。
",0,网络
睡前小故事,"睡前小故事/《派对》
松鼠一灰和鼹鼠深子一起去参加派对，到场才发现是情侣派对，到场的都是一对对情侣。那大家岂不是以为他们……松鼠一灰羞红了脸，尴尬得想找个地缝钻进去，鼹鼠深子从地下探出个头：别找了我已经挖好了，快走~
",0,网络
睡前小故事,"睡前小故事/《兔子》
兔子家族一直有个传说，只要把自己的耳朵再拉长一厘米，就可以听到别人的心声，变得什么都知道。“所以兔小灰，你是听到了兔小白的心声才向她表白的？” “不是，我是听到了自己的心声。”
",0,网络
睡前小故事,"睡前小故事/《刺猬》
刺猬团团：你是吃可爱长大的吗？松鼠一灰：我是吃可爱的人长大的，你小心点。
",0,网络
睡前小故事,"睡前小故事/《彩虹》
“不要和老天较劲，把它惹毛了随时给你点颜色看看。”“例如一道彩虹？”
",0,网络
睡前小故事,"睡前小故事/《挑刺》
“傻猫，怎么找了个处女座男朋友，他们老喜欢挑刺了。”“因为我喜欢吃鱼呀。”
",0,网络
睡前小故事,"睡前小故事/《许愿》
“为什么看到流星可以许愿呢？”“也许是因为稀罕吧，难得一见的稀罕事物，仿佛带着魔力一般。”“那我下次再看到你笑得那么开心，会记得许愿。”
",0,网络
睡前小故事,"睡前小故事/《相遇》
顾客：“你好，我要香芋味的甜筒。”长颈鹿目里：“请问是第一次相遇还是久别重逢的相遇呢？”
",0,网络
睡前小故事,"睡前小故事/《甜筒》
下午太阳很大，犀牛厚厚买了甜筒等斑马菲菲。眼看甜筒都快化了菲菲还没来，厚厚于是对甜筒说：“冬天快来了，甜筒你再坚持一下~”
",0,网络
睡前小故事,"睡前小故事/《女巫》
有人问女巫：“喂，美丽的女巫，这个世界真的有可以让人喜欢上自己的魔法吗？”女巫笑了：“我曾经为了寻找这个魔法在他身上各种尝试，糗相百出，最后他摸着我的头说，你这么蠢我怎么可能不喜欢。我至今没明白我是不是施法成功了。”
",0,网络
睡前小故事,"睡前小故事/《江湖》
武林盟主被他逼到角落，捂住伤口瘫坐在地等他手起刀落。他却是把刀抽回，跪倒在地，痛苦地喃喃自语：“她都已经走了……就算给我一统江湖……又能怎么样呢……”武林盟主强忍剧痛，沙哑地对他说：“一桶浆糊……可以贴好多张寻人启事了……”
",0,网络
睡前小故事,"睡前小故事/《猫头鹰》
一个田鼠妹子主动跑到猫头鹰跟前：“你能不能等他来救我的时候再吃我，知道他还在乎我，死也甘愿了。”猫头鹰摇摇头飞走了，最近挑食，不吃神经病。
",0,网络
睡前小故事,"睡前小故事/《红带子》
犀牛厚厚突然认真地说：“菲菲，你值得更好的人。”斑马菲菲吓坏了：“你，你要干嘛？”“要奋斗！”厚厚把一根红带子绑到额头上咬牙回答。
",0,网络
睡前小故事,"睡前小故事/《挂住》
斑马菲菲被派到一个很远的地方一段时间，她给犀牛厚厚发信息抱怨：“好无聊，我要疯了，我想跳崖。”犀牛厚厚回：“我也疯了我觉得自己现在是一棵长在崖边的树。”“为什么？”“因为……我好挂住你啊……”
",0,网络
睡前小故事,"睡前小故事/《肩膀》
犀牛厚厚：“我再也不敢轻易借东西给别人了。”斑马菲菲：“为什么？”厚厚：“当初你问我借个肩膀靠一下，现在整个人都是你的了。”
",0,网络
睡前小故事,"睡前小故事/《滑倒》
刺猬团团不小心滑倒，同时将面前的松鼠一灰扑倒在地，正好被狐狸阿北看到。团团慌忙解释：“不，不是你想的那样！”狐狸阿北挠了挠头：“我还以为是你不小心滑倒然后扑倒一灰呢，竟然想错了，那你们继续……”
",0,网络
睡前小故事,"睡前小故事/《星星》
松鼠一灰：“比起流星，我更喜欢抬起头随便找颗普通的星星许愿。要是它刚好眨了下眼，就像有个人在说‘包在我身上’”刺猬团团：“这样不好。”“为什么？”“眨眼的星星看起来‘不灵不灵’的。”
",0,网络
睡前小故事,"睡前小故事/《流浪猫》
音乐家为了一首新乐谱苦思多日无果，食不下咽，每天做好的饭菜都让管家喂了流浪猫。有一天，一只流浪猫跑到家里，被管家拿着扫帚追赶：“真是没良心的，每天都白喂你们了。”猫被赶着跳上了钢琴，乱跳一通后逃了出去。音乐家听到刚才流浪猫乱弹的旋律，两眼放光，灵感来了。
",0,网络
睡前小故事,"睡前小故事/《挑逗》
松鼠一灰：团团，你听没听过左眼跳财，右眼跳灾的说法？刺猬团团：听过呀，你相信吗？松鼠一灰：我信，刚才我右眼直跳，然后……然后坐对面的一个黑熊大哥以为我在挑逗他……
",0,网络
睡前小故事,"睡前小故事/《悟空》
群妖面前，悟空看着从头上拔下的几根白毛，没有接着吹出猴兵而是转身朝唐僧打去：“你能不能让我少操点心能不能？！”
",0,网络
睡前小故事,"睡前小故事/《苹果》
树上有两个苹果。红苹果：“其实月亮是声控的你知道吗，只要叫得够大声，就会把它叫出来，天就黑了。”绿苹果：“笨蛋才会相信你。”一会儿后。绿苹果朝着天空：“嗷！！！！！”两个苹果一起朝着天空：“嗷！！！！！”树下的两个人拿着篮子。“它们怎么还不掉下来呀。”“别等了，它们幼稚得那么开心，已经忘了怎么成熟了。”
",0,网络
睡前小故事,"睡前小故事/《红绳子》
河马大牙午觉梦到月老，问他：“为什么不给我一个男朋友？”月老低头看了看她的大粗腿：“红绳子太短系不上”。
",0,网络
睡前小故事,"睡前小故事/《云》
水母问它的好朋友小丑鱼：“你为什么不开心啊？”小丑鱼说：“我想像小鸟一样飞上天。”水母想了想，立即绕着它转起来：“快看我是云~我是一朵云~”
",0,网络
睡前小故事,"睡前小故事/《玉佩》
“爹爹，我今天可能看到了失散多年的哥哥，他手上的玉佩，和我腰上的这块一模一。。。卧槽我玉佩呢！” ​​​​
",0,网络
睡前小故事,"睡前小故事/《把柄》
“第一次做菜有什么秘诀可以传授吗？”“对煎锅说‘我抓住你的把柄了你给我配合点’。”
",0,网络
睡前小故事,"睡前小故事/《花瓣》
“喜欢我…不喜欢我…喜欢我…”考拉懒懒一片片数着花瓣。狐狸阿北看到，愣住：你怎么把花撕掉了？懒懒：不是你说的，这朵花可以让我知道她喜不喜欢我？阿北：蠢货…我是要你把花送出去。
",0,网络
睡前小故事,"睡前小故事/《长高》
长颈鹿目里小时候长高很快，有一次不小心被树枝刮到额头，留下一道伤痕，他就安慰自己说，没事的，按照这个长高的速度，以后可以说是被星星刮到的，这样很酷。目里当然没有等到那天，但是他也没有很难过，因为小时候的傻想法嘛，等不到的可太多了。
",0,网络
睡前小故事,"睡前小故事/《爱情》
几个顾客在狐狸阿北的酒馆里讨论在爱情里受的伤。阿北参与其中，并撩起衣服让大家看他胸口上的疤痕：“一场雷雨弄的。”“老板走开，我们在讨论爱情里受的伤，对你被雷劈没兴趣。”“是和爱情有关，那天一声雷鸣，她慌得一下奔到我怀里……慌到，忘了自己是只独角兽……”
",0,网络
睡前小故事,"睡前小故事/《调酒》
“老板能不能给我调五杯和昨晚一样的酒？”“因为今晚的心情和昨晚一样吗？”“因为昨晚的醉意刚好可以梦到她。”
",0,网络
睡前小故事,"睡前小故事/《酒馆》
在狐狸阿北的酒馆，狸猫大爷喝醉了：“我年轻的时候曾经和恶龙战斗过，我们用投石车把他打哭了。”“后来呢？”“后来他就去找到另一只恶龙：我的眼睛好像进沙子了你帮我吹吹。”
",0,网络
睡前小故事,"睡前小故事/《镜子》
松鼠一灰相信心理学上潜意识激励的说法，于是每天早上都对着镜子说一句“你很棒！”，一段时间后，那块镜子成为了一块很棒的镜子。
",0,网络
睡前小故事,"睡前小故事/《棉花糖》
街上，一个小孩吵着要买棉花糖，他妈妈指着他手里的小糖人说：“刚买的孙悟空还没吃呢，怎么那么不听话”小孩不管，赖在原地继续吵着要买棉花糖。他爸爸赶着回家，买了棉花糖塞他手里叫他快走。小孩终于拿到了棉花糖，开心地对小糖人说：“大圣爷你看，你的筋斗云来了！”
",0,网络
睡前小故事,"睡前小故事/《恶梦》
刺猬团团：“目里你怎么好像没什么精神的样子？”长颈鹿目里：“最近烦心事多，晚上做噩梦睡不好。”刺猬团团：“心疼你，摸头。”长颈鹿目里：“摸不到。”
",0,网络
睡前小故事,"睡前小故事/《假象》
大象给喜欢的女孩子发了一张大笑的照片，说：“这张自拍照，名字叫做《假象》，因为你不在身边的时候，我怎么可能笑得那么开心。”
",0,网络
睡前小故事,"睡前小故事/《眼镜》
斑马菲菲问犀牛厚厚：“如果我突然消失了，你的世界会变怎样？”厚厚摘下她的眼镜：“和你看到的一样，模糊一片。”
",0,网络
睡前小故事,"睡前小故事/《想吐》
“喜欢羊的人都有病，因为羊在心上就是‘恙’。”“我喜欢的是兔子也觉得自己有病。”“怎么说？”“因为我会经常想兔……”
",0,网络
睡前小故事,"睡前小故事/《钓鱼》
兔子小正拉起钓竿的时候，一片云刚好飘过遮住了月亮。小正惊讶的拿着钓起来的臭皮鞋，以为自己把水里的月亮钓了起来，以为从此以后，天上不会再有月亮。小正看着这个全世界唯一的月亮，挣扎了很久，最终还是舍不得的把它扔回水里。这时候，云刚好走开，月光洒了下来。
",0,网络
睡前小故事,"睡前小故事/《聊天》
刺猬团团不小心把咖啡洒键盘上，慌忙用纸巾擦干净，弄了好一会。抬起头才想起还在和松鼠一灰聊天，一灰对着一大串乱七八糟的字符问：“我太笨了想了很久都想不出什么意思，你快告诉我吧。”
",0,网络
睡前小故事,"睡前小故事/《跪搓衣板》
犀牛厚厚买了个挺贵的耳机，斑马菲菲拿在手里端详了一会：来，给我说说怎么个贵法。厚厚愣了愣：别跪仙人球就行。
",0,网络
睡前小故事,"睡前小故事/《晚安》
犀牛厚厚惹斑马菲菲生气了，无论给菲菲发什么菲菲都只回一句“晚安”。“到公司了吗？”“晚安。”“少喝点咖啡。”“晚安。”“午餐吃什么？”“晚安”“我刚才走路撞树上了。”“晚安。”“一天说那么多次晚安，你是不是背着我去一天几十次日落的B612星球了，有没有看到一朵玫瑰，我放在那等你的。”“……你好烦。”
",0,网络
睡前小故事,"睡前小故事/《占位》
朋友说，大学的时候喜欢的学霸在她生日的时候把自己的上课笔记送给她，让她哭笑不得，还有把学习经验当礼物送人的傻子啊。然后翻开笔记就笑了,上边写着：去自习室一直用这破本子占位，不知它能不能给我运气，也在你心里占个位。
",0,网络
睡前小故事,"睡前小故事/《搬家》
一个朋友在朋友圈处理书，理由是：和她在一起了以后发现大家重合的书太多了，准备搬到一起住了处理掉重合的部分好搬家。
",0,网络
睡前小故事,"睡前小故事/《情侣》
那天下午旁边有对情侣，可能是异地了几个月刚见面的大学生，男朋友突然对着女朋友傻笑，女朋友问他怎么了，男朋友说：“我刚不是觉得那里好看就拍照嘛，然后下意识的想发给你，突然反应过来你已经在这里了。”然后两个人都笑得好开心。
",0,网络
睡前小故事,"睡前小故事/《数花瓣》
小老虎喵喵喜欢隔壁森林的梅花鹿，向松鼠一灰吐露心事。一灰：“教你个方法你就知道她喜不喜欢你，你朝着一棵树吼‘梅花鹿我喜欢你’，然后去数被你吼下来的叶子，就和数花瓣一样，单数是喜欢你，双数是不喜欢你。”喵喵觉得很好玩，立即兴奋地照做。结果就像一灰希望的，不仅梅花鹿听到喵喵的告白，所有的动物都听到了
",0,网络
睡前小故事,"睡前小故事/《一见钟情》
狐狸阿北问松鼠一灰：你是怎么喜欢上刺猬团团的？一灰：第一次见到她的时候我在树上，看到她就失了魂从树上摔下来掉到她面前。阿北：哦，原来一见钟情。一灰：当时我太尴尬了，赶忙挠着头说“其实我是这棵树上的果子，熟透了哈哈哈……”，说完以后发现更尴尬了……阿北：那是挺尴尬的……一灰：但我没想到，她竟然笑了笑，接过我的话说“原来是这样，怪不得脸那么红”。阿北：哈哈哈，你应该很喜欢她这个回答吧。一灰：对啊，一见钟情可能会破灭，能有趣的聊天我可受不了。
",0,网络
睡前小故事,"睡前小故事/《流浪猫》
从前有一只流浪狗和一只流浪猫流浪小猫和流浪狗在同一小区里混着生活流浪小猫一身漂亮的毛色，又会卖乖，很招人疼爱流浪狗憨厚老实总是闷头翻找着垃圾桶，为自己找着吃食作为小区唯一的流浪猫，从来不缺人投喂小鱼干而流浪小猫总会偷偷藏上一个，带到流浪狗的面前，一脸得意的向它炫耀说:“嘿！蠢狗，尝尝这个，比你从垃圾桶里翻出的馊菜好吃多了！”每当这时，流浪狗都会抬起头看看它，而后继续默不作声的啃着自己的碎骨头时间日复一日的过去，可惜好景不长，小区里又多了一只流浪猫，那只猫比它更漂亮，更会讨巧原来只属于它的小鱼干，现下不足平日里的十分之一于是流浪小猫变得郁郁寡欢，终日愁眉苦脸流浪狗走到流浪小猫身边问它，“怎么啦？”小猫吸了吸鼻子，问:“我是不是不可爱了？”流浪狗说，“没有呀，你很可爱呀！”小猫通红着双眼，回它说:“你骗我！我这么可爱，为什么你从来不吃我的小鱼干！”流浪狗闻言转身跑了出去，小猫留在原地抹着眼泪，泪眼婆娑中看见流浪狗又跑了回来流浪狗气喘吁吁的将嘴里叼着的袋子，放到了小猫面前，委屈的说“我…我是舍不得吃，你送我的都在这儿了…一共23条，我每天晚上都会数一遍的！”小猫看着小鱼干红着脸，喃喃的讲，“可是新来的只猫比我漂亮…”流浪狗凑上前去揉了揉它的头说，“可是，我只喜欢你呀……”
",0,网络
睡前小故事,"睡前小故事/《道观》
从前青屏山上有个道观，道观中住着师徒三人白须飘飘的道长和着两个小徒弟大徒弟比小徒弟大了11个月，沉稳老成，苦学勤修，颇具道骨小徒弟天真烂漫，无拘无束，小鹿般灵澈的眼睛滴溜溜乱转，整日想的便是如何衬着师傅不注意调皮捣蛋一日小徒弟衬着师傅睡着，剃了老头儿半边白须师傅老头儿手拎着已经剃落的几根白毛大怒，罚小徒弟去守丹房，炉不成丹便不可踏出房门半步偌大的丹房，别说是人影连风声都没得，一向自由散漫的小徒弟被憋闷坏了，却见师姐捧着一卷经书，叩门而入，在她身前落座，安静的诵读着小徒弟奇怪一贯自律守规的师姐，为什么没去早修而是出现在了这里？小徒弟晃到她面前，问:“你每日就知道练功修习不觉得闷吗？”大徒弟不答小徒弟又问，“你是不是特讨厌我？”大徒弟放下经卷，沉眸看她，“为什么这样问？”小徒弟垂下头，脚尖蹭了蹭地砖，嗫喏道:“我整日闯祸，还经常拉你背锅，经卷这般无趣，你宁可整日修习，也不愿陪我一起去玩，不是讨厌我又是什么……”大徒弟回道:“我整日修习是因师傅说，只有早日变得强大，才能保护自己喜欢的人，我并不是讨厌你，真的…”小徒弟将头垂得更低，通红耳廓露在外面，只留着高束的发髻冲着师姐，轻轻地“哦”了一声，又扭捏着说“真的就真的…你摸我脸做什么…”
",0,网络
睡前小故事,"睡前小故事/《护送》
小少年喜欢上一个女孩，不敢打扰又不知道如何表达便每天下了晚课，偷偷的守在女孩身后，护送她回家一天，小少年像往常一样守在女孩后面，送她回了家独自走回自家的路上，路灯失修，闪闪烁烁，小少年站在路边，望着黑洞洞的路口犹豫不前就在这时，小少年亲眼望着走进楼门的女孩却出现在他身边，伸出掌心紧紧握住了他的手，对他说，“别怕，是树影……”拉着他继续向前走着小少年面颊红透，挺了挺胸膛，一本正经的道:“谁…谁说我害怕了！我胆子大着呢！”女孩轻轻“嗯”了声，转头冲他甜甜一笑，挠了挠他的手心，说“那一定是我看错了，上周被路口流浪猫吓哭的那个人，一定不是你…”
",0,网络
睡前小故事,"睡前小故事/《白衣少女》
幽林森森，树影幢幢墨色暗影下，两道急梭的身影上下翻飞，衣袂飘飘，白光四起，雨点般砸向嶙峋峭壁，震得群山轰鸣僵持之下，战得胶着的两团身影陡然分开只见月色之下，清隽少女持着拂尘负手而立，月白长袍束着逸云发髻，明眸善睐，素面清冷，唯额间渗出的薄汗显露出些微疲态“你这妖物，休要顽抗，快快束手就擒！”隐在树影下的豺妖，青面之上掀起獠牙泛着幽幽寒光，赤红双目紧盯着身前淡然少女“你我已战了半个多时辰，既没本事擒我，不若大路朝天，咱们今日权当未曾相见！”白衣少女闻言粲然一笑，细碎星光坠落眼眸，清亮中又透出几分狡黠“你怎知我已使出全部招数？”言罢，见豺妖尚在犹疑之时，白衣少女目光一偏，向其身后高声唤道“陆小猫！”一团黑影疾驰如风，毛色映着月光漆黑的发亮，豺妖还未来得及反应，手臂便多了三道血口，三道又三道，星拳流转，砸在半山腰，豺妖在一人一猫的攻势下，渐渐应接不暇白衣少女看准时机，取出腰间玉壶，趁黑猫将豺妖围困之势，指尖在空中龙蛇辗转，口中念念有词，刹那间精光乍起，少女大喝一声“收！”随着凄厉的惨叫划破夜空，豺妖化作一缕白烟飘入玉壶之中。少女含笑摇着手中的玉壶，身前通体油亮的黑猫，摇身一变化为玄衣少年少年骨秀神清，神采奕奕，星眸滚动透着青稚的灵气，只是俊秀的眉眼隐隐的浮着几分愠怒“冯朵！你又诓我来帮你捉妖！”“说好的来寻小鱼干呢，小鱼干在哪里？”白衣少女摸了摸自己的耳尖，讪讪地笑了笑“我..我怎知这豺妖这般寒酸，连条小鱼干都没得，浑身上下只裹着这么个破木鱼”玄衣少年眸中划过一丝精亮，舔舐了一下嘴角，“木鱼？”两道疾驰的身影追逐在夜色之下，一黑一白，一声惊呼震得林间簌簌摇，“陆小猫！木鱼不是鱼不能吃的！”“我就...我就尝一下嘛..”
",0,网络
睡前小故事,"睡前小故事/《揉肚皮》
广袤天空，星罗棋布，月亮跺了跺小脚，抖落一地霜华白衣少女和着玄衣少年举着两壶清酒，坐落在道观屋顶之上，眼望着漫天星辰“冯朵，亏得你还是一方术士，怎的这般无用，小小林间妖怪都打不过，将来如何能游历江湖”白衣少女仰头灌了两口清酒，抬起袖口擦了擦唇角，面颊绯红，目光灼灼的看向玄衣少年“没关系，我打不过，自是有你来帮我捉呀，你若担心我，便随我一起游历江湖可好？”“谁..谁在担心你，你要去便去..”“那你可陪我同去？”“我..我才不要..”玄衣少年不自然的将头转向一旁，望向茫茫夜空，素白的耳廓慢慢爬上一抹不自然的红等了许久没有人接话玄衣少年转过头，看向身旁一袭白衣的人儿，耷拉着脑袋，盯着自己的鞋尖，眼中似有晶莹少年闪过一丝慌张，忙凑上前去，拉了拉她的衣角，嗫喏道“要去要去！我陪你同去还不成吗？”白衣女孩拍开了他的手，转过身背对着他，吸了吸鼻子，抬手抹了一下眼角“不必牵强！”“怎会牵强，我自然是乐意的！”白衣女孩在无人处勾起一抹笑，很快又板起脸来陆小猫哄了许久，见她不理，忽而风动，玄衣少年幻化为一只黑猫，跳进女孩怀里，仰躺在女孩臂窝灵动的双眼骨碌碌地转了一圈别开了去，不太好意思的说道“别生气了，我..我允许你揉我肚皮还不成嘛...”
",0,网络
睡前小故事,"睡前小故事/《怀里》
白衣少女将睡熟的黑猫抱回了房间，转身蹑手蹑脚的关上了房门，走出院中取出腰间玉壶，旋开壶盖将里面的豺妖放了出来，并向暗影处，两指一并贴在唇边呼哨一声只见原本空无一物的林荫下，风起叶动，影影绰绰的探出数十个身影来身影从四周以白衣女孩为中心靠拢，脚步温吞透着些许不甘，看向女孩的眼神又带着几分忌惮女孩从袖口拿出一粒黑色药丸丢给豺妖“补修为的，拿着好好休息几天养养伤”旋即转身从怀里掏出了一个竹筒，筒中数十根方正的竹签众妖见到竹签顿时一片哀嚎，白衣少女慌忙指尖抵着唇“嘘”了一声，小心翼翼的向院门看了眼，轻声说道“小声点！我们家陆小猫刚睡着”众妖跟着瞥了一眼院门，纷纷噤了声白衣少女将竹签向前一伸，嘴角噙着笑“来吧，老规矩看看明天该轮到谁啦？”
",0,网络
睡前小故事,"睡前小故事/《晚安》
白衣女孩踩着一地碎落的月光回到屋中，轻手轻脚地钻回塌上，将熟睡在塌上的黑猫圈入怀中，窗外月华泻落一室清梦女孩望着怀中小猫，嘴角无声开合，道了一句“安”陆小猫迷蒙之间在熟悉的臂弯中蹭了蹭，缩在怀中舒服的哼唧一声，“喵呜~....”
",0,网络
睡前小故事,"睡前小故事/《想吃月亮的小兔子》
小兔子知道一个秘密。天上挂着的月亮是可以吃的。等圆乎乎的月亮爬到山坡顶上，一伸爪子就能够到，摘下来咬一口，满嘴都是清甜多汁的好味道。小兔子心里可馋了，早早地就去了山坡上守着。可等来的只是一叶弯弯的小月牙，小兔子不敢去试，因为听说这样的月牙，只咬一小口就能把门牙都酸倒。但没关系，小兔子有耐心，它决定每天晚上都来。很快就能等到月亮一点点变圆。可第二天来的时候，小兔子发现小狐狸已经先来了。小兔子有点担心。是不是小狐狸也知道了月亮可以吃的秘密？于是小兔子假装若无其事地去跟小狐狸打招呼，问它来做什么。“我来看月亮。”小狐狸回答。“这月亮多漂亮。”“哦。”小兔子伸出爪子揉了揉鼻子，心想对方一定也是想来吃掉月亮的，哼。接下来谁也没有提起月亮能吃的秘密，两个小动物就站在山坡上看了一晚上的月亮，顺便聊了聊天。还聊的挺开心的。等月亮落下山坡，两个小动物各自回家告别时，小狐狸问小兔子：“你明天晚上还来吗？”“来的。”小兔子回答。“那明晚再见啦。”小狐狸开心地朝小兔子挥挥爪，甩着火红的大尾巴回家去了。第二天晚上小兔子特意来的早了些，不想让小狐狸抢了先把月亮摘掉。但等它爬上山坡，小狐狸已经在那儿等着了。还给小兔子带来一颗胡萝卜。“送给你的。”小狐狸说这话时有点害羞。“谢谢。”小兔子接过礼物，也感到不好意思起来。月牙比昨天稍微厚了一点点，但依然是弯的。两个小动物就继续看着弯弯的月牙聊天。第三天，小兔子又来的更早了一些。但还是没有小狐狸早。这回，它带了一朵小花来送给小兔子。小花香香的，开的很好看。小兔子更不好意思了，心想，嗨呀，小狐狸真是挺好的。可要把月亮让给它吃，贪吃的小兔子还是舍不得。但老白收人家礼物多不好啊。于是小兔子也开始给小狐狸带礼物。有时是一片好看的落叶，有时是一颗熟透的果实。两个小动物每天晚上都聊的很开心。月亮也一点点圆了起来。终于到了最圆的那天，小兔子这天来的特别早，比小狐狸更早。但当它抬头看见那颗一伸爪子就能够到的大圆球，却犹豫了。它放下了爪子，等着小狐狸来。小狐狸来了。“其实……”小兔子吞吞吐吐。它想把月亮让给小狐狸吃，但又没法完全下定决心。“我先说，我先说。”小狐狸突然说道。“好。”小兔子望着它。“你先说。”可小狐狸又不说了，瞪着一双乌溜溜的大眼睛，安静地盯着小兔子。就这么盯了好久。久到圆圆的月亮都要从山坡上落下去了。“快说啊。”小兔子催促道。“那个……我每天晚上都来是因为……”小狐狸的脸变得好红，像它的皮毛一样红。“小兔子，我想喜欢你。”小兔子的脸立刻也变得好红，像它的眼睛一样红。两个小动物又呆呆地杵在山坡上很久，久到月亮都彻底落下山去，够不着了。最后还是小狐狸先开口：“行不行嘛？”小兔子埋着头不敢看它，只是轻轻点了点头：“好……好的呀。”小狐狸高兴地跳了起来，一把抓了挂在山坡天空上的好多星星，两个小爪子捧着，送给小兔子。“尝尝吧。”它说。“之前我没好意思告诉你，这些星星吃起来可甜啦。”“嗯。”小兔子拿了一颗塞进嘴里，也开心地笑了。真的好甜啊。END这个故事是我自己写的，我写过一个短篇治愈童话系列《写给半夜醒来的孩子》，都是甜甜的睡前小故事，也一起发在这里吧。
",0,网络
睡前小故事,"睡前小故事/《鲸鱼背上的城市》
在某颗被海洋覆盖的蓝色星球上，每座城市都是被一头巨大的鲸鱼托在背上，四处遨游。其中一座城市中住着一个孤单的男孩。当托着这座城市的灰色鲸鱼与另一头蓝色鲸鱼相遇时，男孩与对面城市一个同样孤单的女孩四目相对。两人一见钟情。可是两头鲸鱼很快擦身而过，灰鲸朝南，蓝鲸朝北，彼此前进的方向完全相反。男孩悲伤地看着女孩离自己越来越远。该怎么办才好呢？男孩努力从城市的一头跑向另一头，从鲸鱼尾巴跑到鲸鱼额头。巨大的鲸鱼额头就像一道悬崖，男孩站在悬崖边上朝下望去，看见了鲸鱼黑色的眼睛，以及眼睛后方那个凹陷的山洞。那是灰鲸的耳朵。男孩大声呼喊，请求灰鲸掉头也向北游，去找到之前那条蓝鲸。灰鲸很为难。每条鲸鱼都有固定的航线，从北游到南，气温上升，城市的季节就从冬天转为春天，然后变为夏天。等到迈过星球中央那条分界线，继续从北游向南，气温下降，城市的季节又从夏天转为秋天，最后变回冬天。如此往复，周而复始。眼下灰鲸正在从冬天游向夏天的路上，季节是温柔的春天。要是此刻掉头往北，那就到不了夏天，春天直接变成秋天，然后又得返回冬天了。这事儿得召集全城的人一起举手表决。于是全城居民都聚集在了城市的中央大广场里。大广场正中是鲸鱼的喷水口，时常会有漂亮的喷泉从中冒出来。善良的居民们听说了男孩的请求，都纷纷表示赞成让灰鲸掉头向北。不能让这对可怜的有情人分开。他们举起双手，大声呼喊。为了让有情人终成眷属，我们愿意放弃这个夏天！但有智者提醒道：如果我们放弃这个夏天，也就同时放弃了这一年的冰镇西瓜，芒果刨冰和酸梅子汤啊！民众们动摇了，许多人默默放下了原本高举的手。这没什么好担心的！男孩跳到广场的最高处，机智地辩驳道。用夏天换冬天，我们就能更快地吃到酒酿汤圆、奶黄月饼和红豆年糕啦！民众们立刻欢呼起来，放下的手又齐刷刷地重新举了起来。大家一致决定，请灰鲸掉头，去追上蓝鲸与女孩。那么请大家坐稳啦！灰鲸鼓足了干劲，在海中优美地转了个圈儿，朝着蓝鲸消失的方向冲刺。航速好快，海风刮的城里街巷呼啦啦。海浪好大，雨水浇的城里水塘哗啦啦。其他人都躲进了屋子里去吃好吃的，只有痴情的男孩还站在鲸鱼的头顶上，焦急地寻找着心爱的姑娘。等到春天变成秋天，秋天又化成冬天，浩淼的海面上开始漂浮巨大的冰山，城里的天空也开始飘落雪花时，灰鲸终于追上了那头蓝鲸。它迅速地游到对方身侧，发出欢快的嘶鸣。两头鲸鱼托着的城市居民都跑出来看热闹，站在鲸背边缘处，纷纷朝对面城市的居民挥手问好。男孩在密密麻麻的人群中，一眼就看到了自己心爱的女孩。他想赶快去到她的身边。可两座城市之间毕竟还隔着宽阔的大海，男孩着急地在鲸北边缘走来走去，突然想到了一个好主意。他朝城市中央的喷泉广场跑去。灰鲸微微侧身喷出了巨大的水花，将男孩托起，稳稳地送到了蓝鲸背上，正好落在了女孩身边。嗨！男孩激动地看着女孩，明明有好多话想说，可话涌到嘴边，却又只剩简单的一句。我找了你好久。嗯。女孩微笑地看着他，双颊有些可疑的发红。我也等了你好久。两人的双手终于拉到了一起，幸福的眩晕包围了这对热恋的情侣。等他们从爱意中回过神来，男孩又想起自己的家人和朋友都还留在灰鲸背上的城市，于是拉着女孩的手跑向蓝鲸额头，询问灰鲸该怎么办。嘿嘿，不用担心。灰鲸亲昵地与蓝鲸靠在一起，调皮地眨了眨眼睛。因为，我们鲸鱼也是要谈恋爱的！END
",0,网络
睡前小故事,"睡前小故事/《想去南极的北极熊》
作为一只超级宅熊，北极熊先生从来没出过远门。直到它在网上认识了家住南极的企鹅小姐。虽然身处星球两端，但这距离不妨碍它俩在网上聊得很欢。光是同样生活在冰天雪地的环境里，就能给两只动物很多的共同语言。有时它们还会玩“拼照片”的游戏。一个在南极，一个在北极，各自在户外摆出特定的动作拍张照片，然后拼在一起，背景里冰雪交融，照片上的北极熊先生和企鹅小姐也就仿佛真的站在一起。“好希望有天能真的见到你。”某天，企鹅小姐这么说道。那么，我就去一趟南极好了。莫名而来的勇气让北极熊先生下定了决心。接下来它做了些准备。比如上网查从北极到南极的游记攻略。鉴于以前这么做（且成功）的动物极少，它没查到什么有用的东西。也没有从各家航运公司查到直达的班次。连换乘的信息都不提供。算了。北极熊先生淡定地关掉订票网站页面。我自己总能找到路的。***出发前，北极熊先生给企鹅小姐在网上留了言：我要去南极见你。下一秒，它想了想，把“见你”两个字删掉，又加上一句：给你带了小鱼干。企鹅小姐立即回复了，它很高兴北极熊先生能来。对北极的小鱼干味道也很好奇。于是北极熊先生把自己储蓄的所有小鱼干装成一个大包，就这么踏上了旅途。***最开始，北极熊先生选择的是冰山航运，虽然这种交通方式很慢，而且路线很随意，容易绕远路。但是便宜。冰山不收它票钱。北极熊先生想多省一点小鱼干带给企鹅小姐。所以它趴在冰山上，随着洋流朝南方漂浮了很久。没出过远门的北极熊先生想当然的以为，既然南极和北极都有冰山，那它们之间的航线必然是联通的。但它没想到，身下的冰山会随着气温的上升，越化越小，客舱空间从豪华套间缩水成只够北极熊先生踮起脚尖站立的一小块。最后完全消失了。北极熊先生落水了。***当然北极熊先生是会游泳的，它带着那包小鱼干，扑腾着爬上一处小海礁，一脸懵逼地茫然四顾，不知道下一步该怎么走。这时候一只胖敦敦的虎鲸出现了。“这位先生，请问你是想搭车吗？”虎鲸很礼貌地问道。北极熊先生点点头，告诉它自己是想去南极。“那可是趟远路。”虎鲸在水中转了个圈儿，笑眯眯地看向北极熊先生，“但我们虎鲸专车就是专门为你们这种长距离旅行的客人提供服务的，安全舒适，使命必达哦！”接着虎鲸向北极熊先生热情地演示了一下自己在速度与敏捷程度方面的种族天赋，并表示只需要收取它一半的小鱼干作为旅途费用，就保证能送到南极。“先生，你在别处根本找不到我们这么好的运输服务呀！”虎鲸睁着自己浑圆的大眼睛，里面写的满满的都是真诚，“最近生意不好做，你就行行好，照顾我一单吧！”北极熊先生被说动了。它将自己一半的小鱼干付给了虎鲸，搭上了这趟专车。不得不说，这比之前搭冰山航运的滋味好多了，又舒适又快捷，北极熊先生被呼呼的小风吹着，舒服的眼睛都眯了起来。但没过多久，在某座小海岛附近，北极熊先生察觉前进的速度慢了下来。它才发现，有一整群虎鲸不知道什么时候跟在了旁边。其中有些虎鲸的个头还很大个。其中游在最边缘处的虎鲸在跟一只老海龟鬼鬼祟祟地交头接耳，似乎在做什么见不得人的交易。北极熊先生隐约觉得不太妙。***情况果然不妙。作为一个人生地不熟的散客，北极熊先生被虎鲸车队以两条小鱼干的价格，转包给了没有合法运营牌照的老海龟小三轮。没办法，外表胖萌的虎鲸们，其实就是这么爱耍流氓的。北极熊先生很想抗议。但看着自己身边那群身强力壮的虎鲸笑的不怀好意，又只能乖乖认怂。小三轮就小三轮吧，凑合着坐呗。可是又窄又颠。而且还特别，特别，特别的慢。只能站在老海龟壳上缩成一团的北极熊先生眼看太阳从海的这边升起，再到海的那边落下，身后的小海岛似乎还是跟刚出发时差不多大小。它忍不住开口了：“那个……能请你快点吗？”“……啊？”年迈的老海龟慢吞吞地应了一声，“你……赶……时……间……吗？”北极熊先生想起了自己和企鹅小姐的约定，便点点头：“我有约会，快迟到了。”“那你怎么不早说啊这不耽误事儿嘛你们这些年轻人就是这么没轻没重的我都不知道该怎么说你了。”老海龟突然语速就正常了。嗯，是太快了。还没等北极熊先生反应过来，老海龟就一声中气十足的呐喊：“你坐稳了啊！”接着便像脱弓的利箭一般，迅猛地冲了出去。下一秒，北极熊先生又落海里了。车翻了。因为超速。还有超载。***北极熊先生的旅途还在继续。剩下的路走的也很不轻松。它曾被发疯飙车的旗鱼超跑吓的捂嘴尖叫，也差点被开小巴的海牛暗搓搓地占便宜。还曾被章鱼黑出租和鲨鱼黑摩的当做争夺的客源，看两边打的不可开交，自己只能偷偷摸摸地划水逃跑。但除开这些糟心事，旅途中也有快乐。比如在中途躺在孤岛金黄色的沙滩上，看深蓝色的天空中，海鸥鸣叫，繁星闪烁。再或者潜进温暖的海水，看见色彩斑斓的珊瑚随着水流摇曳，旁边有可爱的海星和小虾爬过。这都是北极熊先生以前从来没见过的美景。它看的很仔细，努力想要记得。等我到了南极……北极熊先生很乐观地想着。我要把这些都告诉企鹅小姐。想到企鹅小姐还在等自己，它就仿佛有了用不完的干劲。即使是在越过赤道线，热的快中暑时。北极熊先生想要去到南极的决心，也没有动摇过。***托友善的海豚们的福，北极熊先生终于搭上了放心的顺风车。海豚们将它送到了搭乘巨鲸越洋航运的站点。这是由鲸鱼们运营的，这个星球上最正规，最庞大的海上交通组织。价格公道，服务上心。但是依然没有直达南极的航线，那实在是太远了。北极熊先生只能继续不停地转乘，把几乎能有的交通方式统统换了个遍。有时是搭稳稳当当的蓝鲸航班，有时是搭上下颠簸的抹香鲸航班，还有时是搭有免费歌声可听的灰鲸航班。北极熊先生就这样走啊走啊，一路向南，远离大陆，越过大洋，经过岛屿，独自穿过了整颗星球。只为了去见一面企鹅小姐。***从最后一班座头鲸航班上下来，北极熊先生站在了冰封的地面上。这个地方看起来和它的家乡很像。它终于到南极了。而企鹅小姐就在这里等着。“你真的来了。”它脸上有掩盖不住的惊喜。还有一点点害羞的意思。“嗯，说了要来的。”北极熊先生突然也跟着害羞起来了。企鹅小姐没接着说话，只是双眼中闪烁的，全是因激动而生的神采奕奕。看起来可真美啊。北极熊先生傻傻地盯着它看。对方也微笑着盯着北极熊先生看。命运就是这样难以揣测，两个之前在网上天天畅聊的家伙，在第一次真的见面时，却同时不知道该说什么才好了。这种愉快的沉默持续了有一阵子，北极熊先生才先开口：“抱歉，小鱼干没有了。”它积蓄的所有小鱼干，都被花在了路费上，一条也不剩了。“但是……它们都换成了故事。”北极熊先生最终笑了起来，朝企鹅小姐走过去，“让我慢慢讲给你听。”END番外北极熊先生觉得南极挺好的。跟企鹅小姐在一起的日子就更好了。但偶尔，它还是会忍不住怀念自己的家乡，北极。于是它跟企鹅小姐说：“我想回北极一趟……嗯，很快会再回来的。”“好的呀。”企鹅小姐温柔地回答道，看起来并不太介意分别这件事，“路上小心。”于是北极熊先生跟企鹅小姐告别后，收拾好行李，独自来到港口，正在等座头鲸航班来呢，企鹅小姐却突然出现了。还拖着满满一大袋小鱼干。北极熊先生茫然地看着它：“你怎么来了？”但企鹅小姐没有回答，而是反问道：“你知道去北极该怎么走吧？”北极熊先生点点头：“知道啊。”正在此时，座头鲸航班正好也到了港口。“那真是太好了。”企鹅小姐说着把那袋小鱼干往座头鲸背上一甩，“有个傻瓜曾经带着小鱼干来南极看我……”然后，它回头，朝北极熊先生笑了：“现在，轮到我去北极看它了。”
",0,网络
睡前小故事,"睡前小故事/《小熊软糖的泪与笑》
糖果王国里住着一颗很快乐的小熊软糖，日子过得非常开心，每天都和好朋友们一起欢脱地蹦蹦跳跳。但是有一天，它遇到了很不开心的事。它在最新一届的糖果甜味大赛当中失败了，虽然之前它为这个比赛努力积累了很多糖分，但身为一颗普通的小熊软糖，在甜味这个领域，还是很难打败像太妃糖、棒棒糖和麦芽糖这些强大的参赛选手。所以它输了，而且第一局就惨遭淘汰。小熊软糖很难过，在离开赛场的路上一直闷闷地耷拉着脑袋不说话，当晚也没有像以前那样出去找朋友们玩耍，而是去了一家酒吧。它要在这里买醉，痛饮一杯苦酒。苦涩的酒精咕咚咕咚灌下肚，小熊软糖只觉得肚子鼓鼓的装满了酒精，稍微一动，那些酒精就在肚子里晃来晃去。这下它变成一颗酒心小熊软糖了。“快看那颗小熊软糖，好奇怪啊。”酒吧里其他糖果交头接耳道，“它是在假装酒心巧克力吗？可是装的一点都不像，酒心巧克力应该比它更甜的。”这些议论让小熊软糖更加难过，很快它在酒吧里也呆不下去了，只得独自走在黑漆漆的回家路上，走着走着，硕大的泪珠从眼睛里淌了出来。“明明我也很努力了。”它一边走一边伤心地想着。“可最后还是这么难堪。”眼泪里混着小熊软糖自己的糖分和肚子里装的酒精，滴在地上，地面也变得甜兮兮黏糊糊的，还划出了一道和小熊软糖颜色一样的彩色痕迹。可小熊软糖太伤心了，没有心思管这些，仍然继续哭，而且越哭越厉害，怎么都止不住。哭到最后，连它自己也开始融化，整个身体都化作眼泪淌在地面上，流成了好大一滩。这下它可动不了了，只能无助地瘫在地面上，不知道该怎么办才好。不过不用担心，之前得知小熊软糖比赛失败的朋友们，包括蜂蜜松饼、曲奇饼干以及纸杯蛋糕都纷纷赶来了，它们会帮助融化的小熊软糖重新振作。蜂蜜松饼带来了大勺子，曲奇饼干带来了电吹风，纸杯蛋糕带来了和小熊软糖形状一样的糖果模具。它们先是齐心协力将地上液体状的小熊软糖舀进糖果模具里，然后把电吹风调成冷风档，对着半融化的糖水拼命吹。吹了好久好久，从天黑吹到天亮，直到清晨第一束阳光透过云彩洒向大地，它们才关掉吹风机，小心翼翼地打开糖果模具。一颗崭新的小熊软糖出现啦！当然灵魂还是原来的小熊软糖，和好友们的记忆都在，但毕竟是新做的身体，所以还是跟之前稍微有些不一样了。那些带着苦味的东西，无论是酒精、失败还是伤心，都已经被蒸发出去，留下的全是小熊软糖本来就有的快乐、希望和信心，每一样都带着纯粹的甜蜜。而且还新增了一些东西。像是午夜时分映照在小熊软糖身上的月光、路过的北风先生赠送的雪色与枫香，甚至还有一片小小的、好看的樱花花瓣趁大家不注意时偷偷融进了小熊软糖的身体，让它变成了一颗特别漂亮、独一无二的小熊软糖。这样的小熊软糖虽然味道不是最甜的，可一定是滋味最丰富也最有层次的。真的是一颗超棒的小熊软糖！恢复好心情的小熊软糖重新Q弹快活起来，但又对自己昨晚的哭哭啼啼感到不好意思，面对好友们，它的心情很复杂，既有感谢又有抱歉。但蜂蜜松饼、曲奇饼干和纸杯蛋糕都说没关系，还告诉小熊软糖以后如果再遇到伤心的事，它也可以尽情哭，大家一点都不介意来帮忙。“如果真的太难过，不要憋着，痛痛快快哭一场好了。”几个好朋友真诚地说。“把苦味和疲惫都哭出去，你就还是我们认识的那个又甜又Q的小熊软糖啦。”“嗯！”小熊软糖大声应道，脸上露出了幸福的笑。END
",0,网络
睡前小故事,"睡前小故事/《流星快递》
天上每颗流星，都肩负着揽收愿望的责任。它们划破夜空，来到靠近地面的高度，将人们产生的愿望收集起来，然后带回天上，去专门负责实现愿望的事务局审核盖章，最后再将愿望投递给应该收到它的人或事物。这样愿望就会实现了。每时每刻都有新的愿望产生，而每个愿望在被揽收之前，能维持的时间又很短，稍不留心，就会有稍纵即逝的愿望消失掉。因此地面上的人看见的流星总是在空中一闪而过。并没有坠落在地面上。而是它们都很忙，要在天上飞快地跑来跑去，一眨眼就会跑出某个人的视野，变得看不见了。讲真，流星们的工作压力都好大。太过忙碌的工作总是容易出错，有很多的愿望都来不及揽收就消失了，亦或是收了之后又被弄丢和搞坏了。还有很多愿望，可能根本就送不到应该收到它的人手上。所以绝大部分对着流星许下的愿望，最后都不会实现。但流星们才不在乎这些，依然毛手毛脚的，工作出错率从来没有下降过。没错，这些负责快递愿望的流星们就是这么不负责任。反正被弄丢愿望的人也没法投诉它们。不过，也有认真负责的好流星。比如此时正在天边慢悠悠地飞的那颗。这是颗很老的流星了，已经到了该退休的年纪。早在前些日子，它就不再揽收新的愿望，而是想赶在退休前，把那些积压在手上，盖了章但没能送回给主人的愿望送回去。这可真是一份繁琐的工作，毕竟有些愿望已经积压很久了，要找到愿望的接收者，不是件容易的事。但一颗有责任心的流星总是有办法的。今夜就是它该退休的时间了，老流星手上还有最后一份愿望没有能送出去。老流星看了一眼贴在愿望上面的单据，哦，这还是它五十年前刚入行时揽收的。它还记得，许下这个愿望的，是个情窦初开的可爱少女。愿望的内容嘛，是希望自己能鼓足勇气，跟每天上学路上在街角处相遇的那个陌生少年，正正经经打个招呼，互相认识。真是个单纯的孩子啊。老流星感慨道，飞到当初揽收愿望的城市上空，仔细寻找。昔日的小城镇如今已成为繁华的大都市，少女和少年每天相遇的街角早就被拆掉，修成了城市中央的大广场。老流星为自己的拖延症感到了一丝忏愧。它该去哪里去寻找，那对会在街角相遇时，默契相视一笑的少年少女呢？但上天是不会亏待一颗勤勤恳恳认真工作的好流星的。它先是找到了许下愿望的可爱少女。她的一生都未曾远离这座城市，如今已经是一位养着肥猫的老太太，独居在城东。然后它又找到了那位应该收下愿望的陌生少年。他曾走遍了这个世界，如今终于又回到故乡这座城市，变成了一位养着笨狗的老先生，独居在城西。老流星拿出那个愿望，朝地面抛去。愿望在半空中化作一片星辉，洒向地面。最后一个愿望也投递完毕。天上一片喧嚣，是许多年轻的流星后辈在朝完成所有任务的老流星道贺。能做到退休前处理完所有愿望的流星屈指可数，这可真是莫大的荣耀。天上的八卦总是传的很快，于是有越来越多的流星源源不断地聚拢过来，给老流星举行起一场盛大的退休典礼。而在地面是人看来，这就是一场美妙壮阔的流星雨。城里的人都惊喜地走出大厦，朝着城市中央的广场走去，去观赏这场难得的流星雨。其中也包括抱着肥猫的老太太。还有牵着笨狗的老先生。多美的流星雨啊。两人各自站在中央广场的对角线上，仰头感慨道。愿望化作的星辉同时照耀着两人。老太太怀里抱着的肥猫“瞄”地一声跳下了地。老先生手中牵着的笨狗“汪”地一声冲了出去。在广场正中央，曾经的街道拐角处，肥猫遇到了笨狗。两只动物身后，分别站着老太太和老先生。距离两人上一次相遇，已经过了五十年。但多亏老流星的悉心保管，愿望一直没有弄丢，没有损坏，他们也就从来没有忘记过彼此。好久不见。老太太鼓足勇气跟对方说了第一句话。好久不见。老先生的声音因为激动而微微发颤。虽然晚了很多年，但这个愿望，总算还是投递成功了。老流星满意地看着地面上的两位老人依然充满默契地相视一笑，朝所有人调皮地眨了眨眼睛，朝天上飞去。它正式退休了。但是退休的流星接下来是要干什么呢？当然是回到天上，当一颗每夜都一闪一闪亮晶晶的小星星啊。哈哈。END
",0,网络
睡前小故事,"睡前小故事/《想你》
小兔子捧着饭碗，对大兔子说：“想你。”“我不就在你身边吗？”大兔子说。“可我还是想你。”小兔子咋吧咋吧嘴，“我每吃一口饭都要想你一遍，所以，我的饭又香又甜，哪怕是我最不喜欢的卷心菜。”大兔子不说话，只是低着头继续吃饭。大兔子和小兔子一起散步。小兔子一蹦一跳，对大兔子说：“想你。”“我不就在你身边吗？”大兔子说。“可我还是想你。”小兔子踮起脚尖，“我每走一步路都要想你一遍，所以，再长的路走起来都轻轻松松，哪怕路上满是泥泞。”大兔子不说话，只是慢悠悠地继续走路。大兔子和小兔子坐在一起看月亮。小兔子托着下巴，对大兔子说：“想你。”“我不就在你身边吗？”大兔子说。“可我还是想你。”小兔子歪着脑袋，“我每看一眼月亮都要想你一遍，所以，月亮看上去那么美，哪怕乌云遮挡了它的光芒。”大兔子不说话，只是抬起头继续看月亮。大兔子和小兔子该睡觉了。小兔子盖好被子，对大兔子说：“想你。”“我不就在你身边吗。”大兔子说。“可我还是想你。”小兔子闭上眼睛，“我每做一个梦都要想你一遍，所以，每个梦都是那么温暖，哪怕梦里出现妖怪我都不会害怕。”大兔子不说话，躺到床上。小兔子睡着了，大兔子轻轻亲吻小兔子的额头。“每天每天，每分每秒，我都在想你，悄悄地想你。”
",0,网络
睡前小故事,"睡前小故事/《遮风挡雨》
蘑菇艰难的贴在树干，努力坚持着不让自己摔下。“你不要总黏在我身上好不好，很痒的。”大树甩了甩叶子，对蘑菇道。蘑菇静静的待在哪里，没有出声。雨突然下了起来，打在地上，发出沙沙的声响。雨停，蘑菇长的更大了。“你好沉啊，可不可以不要在我身上啦。”大树又一次出声。“可是……”蘑菇垂着头，委屈道，“我想给你挡雨嘛。”“蠢。”大树偏过头，把叶子全部打开，“我给你挡就好。”
",0,网络
睡前小故事,"睡前小故事/《捕鱼》
少年坐在铺子里，夕阳的余晖下，一声猫叫传来。“你这只抓不住鱼的蠢猫。”少年回身，从案板上取了条鱼，扔了过去。猫叼着鱼跑远。风暴突然间席卷了海岸。无法出海，少年的生意越来越差。最后甚至连饭都吃不起。“喵。”“我没东西给你了。”少年苦笑。猫从街角叼来硕大的麻袋，一抖，无数鱼干落在地上，堆成小山。“你这个抓不住鱼的蠢人。”
",0,网络
睡前小故事,"睡前小故事/《想挂》
斑马菲菲被派到一个很远的地方一段时间，她给犀牛厚厚发信息抱怨：“好无聊，我要疯了，我想跳崖。”犀牛厚厚回：“我也疯了，我觉得自己现在是一颗长在悬崖边的树”“为什么”“因为我想挂住你啊”
",0,网络
睡前小故事,"睡前小故事/《伞》
男孩终于约到了喜欢的女孩子，可是突然发现周末天气不好。“唔，那个，听说周末会下雨哦。”果然女孩子也发来了消息。男孩心里一凉“那我们周末的约会。。。。。。”消息还没发出去“所以 你要准备好 伞 喔！”
",0,网络
睡前小故事,"睡前小故事/《勇士的品格》
“谁能杀死那头恶龙，我就答应他一个条件。”恶龙已经肆虐了好几年，军队却毫无办法，国王忍不住发出了悬赏令，一时间无数应征者趋之若鹜，却始终没有一个能成功带回恶龙的头颅。这天，皇宫终于来了一个重量级的人物—全大陆最强大的勇士，勇士刚一到场，便目不转睛地盯着穿着百褶裙，抱着可爱布偶猫的美丽公主，连沉闷但有力的心跳声都清晰可闻。“什么条件都可以吗？”他的声音坚定但却带着一丝热切。“当然，前提是你能活着带回恶龙的头颅。”国王说。站在国王旁边的公主脸上发烫，心乱如麻，她感受到了那双深蓝眸子投射过来的炽热目光，尽管勇士很帅，可…可是，人家根本没有做好嫁人的准备嘛。“好的，等回来之后，我会向您讨一件东西。”勇士微微颔首，离开了皇宫，夕阳下，他的身影显得高大而又沉默。没过多久，前方就传来了捷报，勇士与恶龙大战了三天三夜，终于将恶龙成功斩杀，拖着一身残破的盔甲，带着恶龙的头颅回到了王都。“说出你的愿望吧，我的孩子。”国王望着满身伤痕的勇士说。勇士疲惫地点了点头，径直走向了公主。公主满面羞红，闭上了眼睛，紧紧抱住了自己的宠物猫，胸口不断起伏。尽管人家还没做好准备，可这个男人已经证明了自己，他的臂膀是如此的强壮，步伐是那样的有力，他的双眼和大海一样深邃，鼻梁像山峰一样挺拔，更重要的是，他还杀死了凶残的恶龙，这样一个优秀的男人，来一个胜利之吻也是可以接受的吧……“公主殿下，麻烦松一下手。”诶？他还想和我拥抱吗？公主下意识地松开了手，放走了怀中的宠物猫，可预想中的拥抱与亲吻却并没有到来。等了一会儿，她疑惑地睁开眼，却发现勇士抱着猫坐在地上，又摸又蹭，脸上露出了久违的开怀笑容。“哈哈哈，我终于有自己的布偶猫啦。”
",0,网络
睡前小故事,"睡前小故事/《谁敢说老子不甜》
“老板，你这瓜不甜啊。”染着黄头发的小流氓敲了敲地摊上的瓜，作势欲砸。“要钱就拿走，别动我的瓜。”老板把瓜从领头的黄毛手中夺了回来。“这才对嘛”流氓们嬉笑着从老板的钱包里抽走了两张百元大钞，“下次卖东西记得先交保护费，要不然，哼哼，后果自负。”水果摊的老板低着头，敢怒不敢言，若是拒绝交保护费，这群人便会掀了摊子，生意也再别想做了。报警也没用，在看守所关几天，他们就又变本加厉地出来重操旧业。等到流氓们都走了，老板才摸着自己的瓜，叹了口气，这些可都是自己辛辛苦苦种出来的好瓜，皮薄肉厚，可不能让他们糟蹋了。太阳很快就下山了，眼看着人流越来越稀少，老板收拾了一下摊子，骑着三轮车准备回家，他没有注意，一个青绿色的西瓜偷偷从三轮车上掉了下来，咕噜噜滚到了角落。这一夜，一绿披风红衣服的怪人闯入了流氓们的老窝，把这群人打得鼻青脸肿，倒吊在菜市场门口喂了一个晚上的蚊子，流氓们被放下来的时候痛哭流涕，纷纷表示要痛改前非。没人知道怪人是谁，只有几个目击者听到了怪人离去时嘴里的一句嘟囔。“哼，我看谁还敢说老子不甜？”
",0,网络
睡前小故事,"睡前小故事/《烧烤店的火神》
烧烤店的老板是个光头大汉，身上纹着奇奇怪怪的花纹，不过手艺倒是相当过硬。经他烤过的羊肉串肥而不腻，滋滋冒油，撒上孜然与辣椒面之后，辛辣的味道混合着鲜美的肉汁，在口中留下久久不散的香气；脆骨爽利，骨头上带着薄薄一层刚刚好的贴骨肉，在嘴里嘎吱嘎吱响；生蚝肥美,配上金银蒜泥，趁热下嘴，鲜嫩爽烫，蒜汁与鲜味混合，让人恨不得把舌头都吞下去。烤蔬菜也是一绝，从没有烤糊的时候，考完之后韭菜还是鲜绿水嫩，金针菇也不蔫巴，茄子的肉与皮泾渭分明，从不僭越，别的店总是用厚重的调料掩盖小小的焦糊味，这家店却能让你破天荒地尝出一丝鲜甜，那是蔬菜最本真的风味。干烧烤这一行，最重要的就是火候，也正因对火候的精细拿捏，这家店的生意颇为不错。这天下了淅淅沥沥的小雨，只来了几个零零散散的食客，老板就跑出来和大家吹牛，没想到越说越玄乎。老板说自己曾是天上的火神，犯了天条被贬下凡间，一身法力尽失，只留下一些刻印在骨子里的本能，干脆就彻彻底底融入了这人间烟火，当了个烧烤店老板。反正都是管火的，也没差。食客们听了哄堂大笑：“净吹牛，还火神，我看你是火云邪神吧。”老板急得直瞪眼：“怎么着，不信？我给你们表演个控火。”说着就对着烤架上的火手舞足蹈。这时好巧不巧地来了一阵风，烤架上的火顿时大了很多，老板得意洋洋地刚想炫耀，烧烤店后厨却传来老板娘的声音：“祝大虫，滚进来帮忙！”老板悻悻地挠了挠自己的光头，赶忙站起身准备进屋，引起了食客们的又一阵哄笑。“火神不知道是不是真的，怕老婆倒是真的哟。”老板边往回走边挤眉弄眼，和食客们小声对口型。“要不然你们以为我怎么犯的天条？”
",0,网络
睡前小故事,"睡前小故事/《礼物》
山间的狐狸寄来一瓶水和一封信，上书：“前几天的夜空特别好看，抖落下满天的星月在山泉里，掬一捧送你。”我寄回一包棉花糖，在信上写：“星星月亮都下了肚，甚为甘甜，无以为报，请你尝尝我头顶的云朵。”
",0,网络
睡前小故事,"睡前小故事/《一个多话，一个寡言》
她：“我今天吃了牛肉火锅，还去买了一杯奶茶，你吃了什么呀，昨天看的那个综艺好好笑，强烈推荐你去看一下，唉，最近天气变好热，夏天快到啦就可以穿小裙子啦，到时候我们可以一起去田里摘西瓜，还可以在空调底下吹风。”他：“我也爱你。”
",0,网络
睡前小故事,"睡前小故事/《小蘑菇》
有一个小蘑菇和一个金针菇做了好朋友他们每天一起吃饭、一起玩耍可是有一天，小蘑菇不见了金针菇就找啊找，终于在一个偏僻的角落找到它了，可是小蘑菇不愿意理它。小金针菇问她为什么蘑菇还是不肯说小金针菇偷偷翻开小蘑菇的日记本看小蘑菇写:菌菇国147年，天气晴。今天，我发现我好像喜欢上小金针菇了，晚上睡不着的时候他会出现在我脑海中，可是我矮矮胖胖，他高高瘦瘦，我配不上他。小金针菇看到以后，跑到小蘑菇前面说小蘑菇你知道吗？我是全世界最幸福的金针菇了小蘑菇擦擦眼泪问他为什么？他说因为金针菇都很瘦很瘦，但是手脚很长，每一个金针菇和金针菇拥抱在一起都感受不到温暖，可是我不一样，我抱着小蘑菇刚刚好，所以我真的很喜欢抱小蘑菇小蘑菇抬头看着他金针菇走过来抱着小蘑菇轻轻在她耳边说“抱紧点，我怀里才是人间。”
",0,网络
睡前小故事,"睡前小故事/《巧克力》
小木偶人惹女朋友生气了于是他赞下了自己的木偶币，给女朋友买了一只口红女朋友问他这是什么？小木偶人说在人类世界，女朋友生气了，男朋友送这个，女朋友就不会生气了小木偶人的女朋友开心的拿起来涂了涂为什么有一股巧克力的味道呀？小木偶人的女朋友问他因为我喜欢巧克力，专门挑了这个味道的呀为什么要挑你喜欢的味道呢？小木偶人的女朋友撇了撇嘴又问因为 …你的口红到最后都是给我吃的呀
",0,网络
睡前小故事,"睡前小故事/《月亮》
夜幕刚刚将近，天空就跑到月亮家里找月亮。""月亮在不在呀？""""我在呀，天空怎么了？""月亮探出小脑袋问它""你为什么还不来呀？""""天才黑呢，我一会儿就过去了，是天上出了什么需要我的事吗？""""不是，是…是我这里出了…需要你的事！""天空低着头有些支支吾吾的说。""什么事呀？""月亮眨着大眼睛问他""今天太阳在天上挂了一天了""""然后呢""""我想月亮了""
",0,网络
睡前小故事,"睡前小故事/《女巫和巨龙》
巨龙刚学会喷火的时候就被妈妈嘱咐:“一定要时不时地做坏事，这是我们龙族的生存方式，这样才能维持得了生活。”可巨龙天生不会做坏事，妈妈被屠龙勇者杀掉后便躲在一个小王国的小山洞内生活，没有吃的了就“啃老”，使个魔法变幻成人，拿着妈妈搜集来的金银财宝去王都里换些东西吃。龙的寿命几乎是无限的，可金银财宝是有限的。大部分龙的财宝都是越存越多，可到了巨龙手里，不到几百年就被恶龙败光了。也正是因为巨龙的“财政资助”，小王国变成了一个大王国。巨龙没有钱了怎么办呢？他可以“重操旧业”啊，哦不，巨龙没做过这事，所以应该叫“子承父业”。他想到了去王国做坏事。巨龙想做一件大坏事。怎么个大法呢？大到获得的财宝可以让自己的下半辈子不愁吃不愁穿，以后也不用做坏事，不用工作啦！巨龙这么想着，在山洞里笑得合不拢嘴。但实际上因为他是巨龙，月黑风高的晚上，他的笑听起来就像邪恶的龙吼，吓得山上的小动物们都仓促地躲了起来。绑架公主！第二天早上，巨龙敲定了主意，把公主绑架了，再向国王要赎金。“那赎金还不够我用吗？国王给的钱，肯定够我吃大半辈子了。”巨龙这样想着，又笑出了龙吼，吓得山下的小动物到处乱窜。完全没有考虑过光天化日之下绑架公主的难度系数有多高，巨龙即刻就出发了。巨龙变幻成一个骑士，悄悄地潜入了王都的城堡，来到了公主的窗前。他敲了敲窗户，轻声朝里面喊了两句:“公主在吗？国王有事找你！”“哐啦”，窗户开了。公主的面庞显露在巨龙面前。浓密睫毛下，一双水灵灵的大眼睛，楚楚动人，惹人怜爱。微长的刘海刚刚及眉。盘起半头的秀发，留下几缕青丝在耳前，紫色的耳坠若隐若现。“你是隔壁山上的巨龙吧，你是要来绑架我来了吗？”公主看着骑士模样的巨龙冷不丁地冒出来一句话。“啊？！你是怎么知道的啊，我都变成了人形了啊。”巨龙不禁一怔，从对公主外貌的感叹中回过神来。“哪有通知公主敲窗户的骑士啊！你如果是骑士的话还这么鬼鬼祟祟地干嘛？还有，你多少年不用魔法了啊，这龙尾巴还拖着呢！”公主看着这么蠢的巨龙，又气又笑地说道。“那...既然被发现了我就不硬来了，请公主跟我走一趟吧，我向老国王要点钱就把你送回来。”巨龙挠挠头，好像有点不好意思。“不要。你要拉我走也得等到我把这瓶魔药做好。”公主指着自己桌上像墨水一样的东西说道。得，还是个爱学习魔法的公主。“那...我得等你多长时间呢？”“两个月。”“两个月我就饿死了！不行，最多十天！”“你少讨价还价，我把你要绑架我的事儿给我爸一说，明天你和你的小山洞就被屠龙者夷平了。”公主毫不退让。“我的好公主哦，两个月我就真饿死了，您有没有什么法子让这药早点做好啊，如果要小弟帮忙的话我随时都可以帮你。”巨龙怕了。“诶，你愿意帮我啊，那可好，五天就能搞定了。”公主露出邪魅的笑容，好像这个纯洁无瑕的脸不是一位公主的脸，倒像是一个女巫的脸，“你流点眼泪给我，龙的眼泪可是魔药最好的催化剂，有了这个，我五天就能做好药了。”“这怎么流啊，我妈妈去世我都没流几滴眼泪呢！你不能说让我流就让我流啊...”说着说着巨龙眼泪盈眶， 公主见状用右手拿着的小瓶子接住了巨龙的眼泪。巨龙这才看到公主左手拿着一颗削开的洋葱。“哇靠，你算计我！”“什么叫算计你，我又没说让你自个儿主动流。”公主一脸平静地将小瓶子里的眼泪倒进魔药里，“好了，在这放个五天就行了。”公主一边将魔药瓶放回桌上，一边扭过头来对窗户外捂着眼睛的巨龙说:“这五天你都来陪着我，我很无聊的，正好缺个人跟我说话呢。”“我也是有尊严的好不好，你不能说让我陪你就让我陪你，那我岂不是很没面子？”巨龙还在揉刚刚被熏到的眼睛。“啊？！行不行我告诉我爸...”“好好好，我的小姐姐，我听您的还不成嘛。”巨龙用他那被熏红的眼睛瞪着公主，好像一个委屈的孩子。“那就这么定了，明早见。”公主满意地点了点头，目送着巨龙离开了。在等待魔药完成的这几天，巨龙过得很窝囊。每天早上得早早的起床，飞到公主窗前，给刚睡醒的无聊的顶着一头蓬乱的头发的公主讲自己的旅行见闻，森林里新发现的两只小猪，小河上漂着的阿拉鸭神灯，这些都是巨龙发现的有趣事。公主一边听着巨龙的故事，一边开始梳妆，时不时地被巨龙逗得咯咯大笑。每当看见公主的笑，巨龙就很自豪，自己还是很厉害的嘛。其实这几天，巨龙也过得很开心。但有两天早上，公主还没起床，他得等在外面。吹着凉嗖嗖的风，巨龙越发地觉得自己寂寞了。几百年来自己都是独来独往，从来没有觉得没有朋友有什么不妥，这几天是怎么了呢？白天如果有侍从和女仆有事找公主，巨龙就会躲在窗下静静地等着他们出去说完。公主回来后时而大吼，时而抽泣，很少有笑着的时候，好像变了个人似的，却从来不告诉巨龙发生了什么，转过头来又带着泪痕听巨龙讲故事。巨龙虽然担心，却也不好问到底怎么回事。就这样过了四天，到了第五天魔药好的时候了。巨龙来到熟悉的窗前，敲敲窗子。没人回应。“可能还在睡觉吧。”巨龙想。过了几个小时，公主的房间周围响起了一阵急促的脚步声，吓得巨龙慌忙变成一棵草，隐藏在草丛中。“公主不见了！”脚步声的主人是公主的侍从，他朝着远方的骑士队大叫道。不一会儿，在骑士团的组织下，开始了全城大搜查，要找回失踪的公主。趁着骑士们手忙脚乱的时候，巨龙打开窗户钻进了公主的房间躲了起来。一进公主的房间，巨龙就感觉到了不对。房间里是空的，床，桌子，衣柜全都不见了，整个房间里只有一瓶空的魔药瓶。“唉，她不想被我抓住就算了，连家当都搬走了，我可能就是饿死的最窝囊的龙了吧。”巨龙看着地下的药瓶，叹息道。他张开了翅膀，飞出了公主的房间，准备飞回自己山洞里迎接自己的归宿了。飞回洞穴，巨龙饿着肚子走到巢中，准备睡下等待自己饿死的结局了。他未免感到有点凄凉。自己刚学会交朋友，刚认识了一个朋友，刚可能有钱吃饭，刚喜欢上一个女孩，怎么就要死了呢？他叹息着要卧下，却忽然听到身下一阵尖叫:“你那么大一堆是要坐死我吗？”是公主的声音。“你不是为了躲我的绑架逃走了吗？”巨龙吓得差点跳起来。“笨蛋，我是为了躲我爸的逼婚。那个老东西为了巴结大国，要把我嫁到另一块大陆去。”公主噘着嘴说。“那...你是怎么逃出来的啊？”“魔药啊，那个魔药是隐身药。”“那...那你的房间里的东西呢？首饰衣柜床什么的都不见了啊。”“我...我怕你不能绑架我从老东西那里要到钱，就...就把我房间里的东西都卖了换钱，都在这儿了。”公主指着她身后的一麻袋金币说道，“我想留在这儿，不行吗？”公主咬着双唇望着巨龙。“可...可以。”现在轮到巨龙不好意思了。被绑架的人倒贴钱来住绑架犯的屋可不是个新鲜事儿。“谢谢啦！果然还是你最好，王宫那些人都把我当商品，只有你让我这么开心。”公主跳起来环住巨龙的脖子吻了一下。巨龙羞涩地变成了人形。“首先解决一下我们以后的生活吧，我当女巫做魔药治病，你帮我炼药就行，保证吃穿不愁！”公主开始在小本本上写以后的生活了。“啊，结果我还是得工作啊！”巨龙突然感到有点沮丧。“你就想着混！能不能有点志气！”公主有点恨铁不成钢。一个月后，一间叫做“女巫与恶龙”的魔药店在山上开张了。但这家店看上去并没有店名那么可怕，男主人看起来和蔼可亲，女主人看起来雍容华贵，一点不像恶龙和女巫。
",0,网络
