id,tag,value,copyCount,author
M1,漫画,漫画/你为了你的正义，我为了我的正义。,0,网络
M2,漫画,漫画/军人天生就舍弃了战斗的意义！,0,网络
M3,漫画,漫画/我的一生，无怨无悔！,0,网络
M4,漫画,漫画/憧憬是距离理解最遥远的感情,0,网络
M5,漫画,漫画/只有分离后才能懂的事，却没有了感慨的时间。,0,网络
M6,漫画,漫画/强大使人快乐。,0,网络
M7,漫画,漫画/此时此刻的咱啊，能和汝在一起，是最幸福的了。,0,网络
M8,漫画,漫画/我只是不想再失去他——哪怕是仅存在一瞬的幻影！,0,网络
M9,漫画,漫画/身为冒险者，如果安静的老死在床上，那简直就是耻辱！,0,网络
M10,漫画,漫画/我只是不想再失去他——哪怕是仅存在一瞬的幻影！,0,网络
M11,漫画,漫画/军人天生就舍弃了战斗的意义！,0,网络
M12,漫画,漫画/不要轻易的口出狂言，那样只会透露出你的软弱。,0,网络
M13,漫画,漫画/我和你，可以做朋友吗？,0,网络
M14,漫画,漫画/我又不是因为你们的评价才去当的英雄，是因为我想当才去当的,0,网络
M15,漫画,漫画/憧憬，是距离了解最遥远的一种感情。,0,网络
M16,漫画,漫画/强大使人快乐。,0,网络
M17,漫画,漫画/我又不是因为你们的评价才去当的英雄，是因为我想当才去当的,0,网络
M18,漫画,漫画/不敢打开信封啊。因为，打开了就结束了啊。,0,网络
M19,漫画,漫画/此时此刻的咱啊，能和汝在一起，是最幸福的了。,0,网络
M20,漫画,漫画/身为冒险者，如果安静的老死在床上，那简直就是耻辱！,0,网络
M21,漫画,漫画/富江有天使的脸孔，但其实她是个恶魔，不，恶魔也比她要好一点。,0,网络
M22,漫画,漫画/一起去看星星吧。,0,网络
M23,漫画,漫画/最最好的，与最最痛苦的，是一样的。,0,网络
M24,漫画,漫画/不要太小看人类了！,0,网络
M25,漫画,漫画/小鸟......是无法追上飞龙的。,0,网络
M26,漫画,漫画/强大使人快乐。,0,网络
M27,漫画,漫画/我命令你，喜欢我！,0,网络
M28,漫画,漫画/我爱的人也爱着我，对我来说这简直是个奇迹。,0,网络
M29,漫画,漫画/就算风吹散了冰雪，想念也会留存下来。,0,网络
M30,漫画,漫画/那天，我听到了种子破土的声音，又细微又坚定。,0,网络
M31,漫画,漫画/我们是学生，学生就要有学生的样子。,0,网络
M32,漫画,"漫画/爱,其实很简单，困难的是去接受它。",0,网络
M33,漫画,漫画/不要太小看人类了！,0,网络
M34,漫画,漫画/我和你，可以做朋友吗？,0,网络
M35,漫画,漫画/孤独的人不会伤害别人，只会不断地伤害自己罢了。,0,网络
M36,漫画,漫画/只有分离后才能懂的事，却没有了感慨的时间。,0,网络
M37,漫画,漫画/孤独的人不会伤害别人，只会不断地伤害自己罢了。,0,网络
M38,漫画,漫画/我们是学生，学生就要有学生的样子。,0,网络
M39,漫画,漫画/一定没有问题的！,0,网络
M40,漫画,漫画/猫是可爱的，狼是很帅的。就是说，孤独又可爱又帅。,0,网络
M41,漫画,漫画/今后无论发生什么事也好，这个左手上的⋯⋯都是同伴的记号！,0,网络
M42,漫画,漫画/末将于禁，愿为曹家世代赴汤蹈火。,0,网络
M43,漫画,"漫画/爱,其实很简单，困难的是去接受它。",0,网络
M44,漫画,漫画/我只是不想再失去他——哪怕是仅存在一瞬的幻影！,0,网络
M45,漫画,漫画/末将于禁，愿为曹家世代赴汤蹈火。,0,网络
M46,漫画,漫画/吾心吾行澄如明镜，所作所为皆为正义。,0,网络
M47,漫画,漫画/军人天生就舍弃了战斗的意义！,0,网络
M48,漫画,漫画/不敢打开信封啊。因为，打开了就结束了啊。,0,网络
M49,漫画,漫画/人，百年一世；龙，百年一岁。君生吾已老，君未变，而吾已老。,0,网络
M50,漫画,漫画/憧憬是距离理解最遥远的感情,0,网络
M51,漫画,漫画/我只是不想再失去他——哪怕是仅存在一瞬的幻影！,0,网络
M52,漫画,漫画/如果有一个喜欢你的人出现，一定不要凶她哦！,0,网络
M53,漫画,漫画/我本来不想使出这一招的,0,网络
M54,漫画,漫画/不敢打开信封啊。因为，打开了就结束了啊。,0,网络
M55,漫画,漫画/如果不能忠于自己的心，胜负又有什么价值呢？,0,网络
M56,漫画,漫画/跌跌撞撞的成长，又美又疼才是本质。,0,网络
M57,漫画,漫画/我又不是因为你们的评价才去当的英雄，是因为我想当才去当的,0,网络
M58,漫画,漫画/我本来不想使出这一招的,0,网络
M59,漫画,漫画/就算风吹散了冰雪，想念也会留存下来。,0,网络
M60,漫画,漫画/就算风吹散了冰雪，想念也会留存下来。,0,网络
M61,漫画,漫画/是不是现在踏出这一步，下决定的是他。,0,网络
M62,漫画,漫画/我之所以想变强，是为了活得轻松写意。,0,网络
M63,漫画,漫画/你为了你的正义，我为了我的正义。,0,网络
M64,漫画,漫画/是不是现在踏出这一步，下决定的是他。,0,网络
M65,漫画,漫画/愿时光能缓，愿故人不散！,0,网络
M66,漫画,漫画/你为了你的正义，我为了我的正义。,0,网络
M67,漫画,漫画/如果有一个喜欢你的人出现，一定不要凶她哦！,0,网络
M68,漫画,漫画/爱与友情以及勇气改变不了一个人，只有受伤才能让人成长,0,网络
M69,漫画,漫画/我又不是因为你们的评价才去当的英雄，是因为我想当才去当的,0,网络
M70,漫画,漫画/任尘世繁华，唯有守护你的一切，才是我此生唯一的使命。,0,网络
M71,漫画,漫画/失去故土的花朵，回不去，却也离不开。,0,网络
M72,漫画,漫画/爱与友情以及勇气改变不了一个人，只有受伤才能让人成长,0,网络
M73,漫画,漫画/爱与友情以及勇气改变不了一个人，只有受伤才能让人成长,0,网络
M74,漫画,漫画/憧憬，是距离了解最遥远的一种感情。,0,网络
M75,漫画,"漫画/爱,其实很简单，困难的是去接受它。",0,网络
M76,漫画,漫画/只有分离后才能懂的事，却没有了感慨的时间。,0,网络
M77,漫画,漫画/如果有一个喜欢你的人出现，一定不要凶她哦！,0,网络
M78,漫画,漫画/我命令你，喜欢我！,0,网络
M79,漫画,漫画/不幸的是我们等了那么多年，幸运的我们那么多年过去还一直在一起,0,网络
M80,漫画,漫画/跌跌撞撞的成长，又美又疼才是本质。,0,网络
M81,漫画,漫画/不要太小看人类了！,0,网络
M82,漫画,漫画/我只是不想再失去他——哪怕是仅存在一瞬的幻影！,0,网络
M83,漫画,漫画/末将于禁，愿为曹家世代赴汤蹈火。,0,网络
M84,漫画,漫画/温柔正确的人总是难以生存，因为这世界既不温柔，也不正确,0,网络
M85,漫画,漫画/就算风吹散了冰雪，想念也会留存下来。,0,网络
M86,漫画,"漫画/爱,其实很简单，困难的是去接受它。",0,网络
M87,漫画,漫画/我之所以想变强，是为了活得轻松写意。,0,网络
M88,漫画,漫画/我们的学生会长，比高达还强。,0,网络
M89,漫画,漫画/我又不是因为你们的评价才去当的英雄，是因为我想当才去当的,0,网络
M90,漫画,漫画/和你们这些少爷不同，我们光是活着就竭尽全力了。,0,网络
M91,漫画,"漫画/爱,其实很简单，困难的是去接受它。",0,网络
M92,漫画,漫画/我又不是因为你们的评价才去当的英雄，是因为我想当才去当的,0,网络
M93,漫画,漫画/其实美丽的故事都是没有结局的，只因为它没有结局所以才会美丽。,0,网络
M94,漫画,漫画/越是困难，越要抬起头，地上可找不到任何希望！,0,网络
M95,漫画,漫画/末将于禁，愿为曹家世代赴汤蹈火。,0,网络
M96,漫画,漫画/两个人从监狱的窗户往外看，一个看见了土地，一个看见了星星。,0,网络
M97,漫画,漫画/此时此刻的咱啊，能和汝在一起，是最幸福的了。,0,网络
M98,漫画,漫画/失去故土的花朵，回不去，却也离不开。,0,网络
M99,漫画,漫画/如果不能忠于自己的心，胜负又有什么价值呢？,0,网络
M100,漫画,漫画/只有分离后才能懂的事，却没有了感慨的时间。,0,网络
M101,漫画,漫画/嗯呐......软绵绵的人偶，来治愈你们的哟。,0,网络
M102,漫画,漫画/你为了你的正义，我为了我的正义。,0,网络
M103,漫画,漫画/任尘世繁华，唯有守护你的一切，才是我此生唯一的使命。,0,网络
M104,漫画,"漫画/爱,其实很简单，困难的是去接受它。",0,网络
M105,漫画,漫画/你为了你的正义，我为了我的正义。,0,网络
M106,漫画,漫画/军人天生就舍弃了战斗的意义！,0,网络
M107,漫画,漫画/憧憬是距离理解最遥远的感情,0,网络
M108,漫画,漫画/爱与友情以及勇气改变不了一个人，只有受伤才能让人成长,0,网络
M109,漫画,漫画/那天，我听到了种子破土的声音，又细微又坚定。,0,网络
M110,漫画,漫画/其实美丽的故事都是没有结局的，只因为它没有结局所以才会美丽。,0,网络
M111,漫画,漫画/人总是贪婪的，就像最开始，我也只是想知道你的名字。,0,网络
M112,漫画,漫画/我的一生，无怨无悔！,0,网络
M113,漫画,漫画/强大使人快乐。,0,网络
M114,漫画,漫画/不幸的是我们等了那么多年，幸运的我们那么多年过去还一直在一起,0,网络
M115,漫画,漫画/不管你说再多的慌，只有自己的内心，是无法欺骗的啊。,0,网络
M116,漫画,漫画/嗯呐......软绵绵的人偶，来治愈你们的哟。,0,网络
M117,漫画,漫画/那天，我听到了种子破土的声音，又细微又坚定。,0,网络
M118,漫画,漫画/和你们这些少爷不同，我们光是活着就竭尽全力了。,0,网络
M119,漫画,漫画/一定没有问题的！,0,网络
M120,漫画,漫画/我命令你，喜欢我！,0,网络
M121,漫画,漫画/愿时光能缓，愿故人不散！,0,网络
M122,漫画,漫画/富江有天使的脸孔，但其实她是个恶魔，不，恶魔也比她要好一点。,0,网络
M123,漫画,漫画/如果不能忠于自己的心，胜负又有什么价值呢？,0,网络
M124,漫画,漫画/一定没有问题的！,0,网络
M125,漫画,漫画/就算风吹散了冰雪，想念也会留存下来。,0,网络
M126,漫画,漫画/我们的学生会长，比高达还强。,0,网络
M127,漫画,漫画/跌跌撞撞的成长，又美又疼才是本质。,0,网络
M128,漫画,漫画/我今天就是要带她走，我看哪个敢拦我。,0,网络
M129,漫画,漫画/爱与友情以及勇气改变不了一个人，只有受伤才能让人成长,0,网络
M130,漫画,漫画/末将于禁，愿为曹家世代赴汤蹈火。,0,网络
M131,漫画,漫画/就算风吹散了冰雪，想念也会留存下来。,0,网络
M132,漫画,漫画/我命令你，喜欢我！,0,网络
M133,漫画,漫画/越是困难，越要抬起头，地上可找不到任何希望！,0,网络
M134,漫画,漫画/越是困难，越要抬起头，地上可找不到任何希望！,0,网络
M135,漫画,漫画/我又不是因为你们的评价才去当的英雄，是因为我想当才去当的,0,网络
M136,漫画,漫画/我本来不想使出这一招的,0,网络
M137,漫画,漫画/和你们这些少爷不同，我们光是活着就竭尽全力了。,0,网络
M138,漫画,漫画/强大使人快乐。,0,网络
M139,漫画,漫画/是不是现在踏出这一步，下决定的是他。,0,网络
M140,漫画,漫画/一定没有问题的！,0,网络
M141,漫画,漫画/其实美丽的故事都是没有结局的，只因为它没有结局所以才会美丽。,0,网络
M142,漫画,漫画/跌跌撞撞的成长，又美又疼才是本质。,0,网络
M143,漫画,漫画/不管你说再多的慌，只有自己的内心，是无法欺骗的啊。,0,网络
M144,漫画,漫画/不要轻易的口出狂言，那样只会透露出你的软弱。,0,网络
M145,漫画,"漫画/爱,其实很简单，困难的是去接受它。",0,网络
M146,漫画,漫画/身为冒险者，如果安静的老死在床上，那简直就是耻辱！,0,网络
M147,漫画,漫画/末将于禁，愿为曹家世代赴汤蹈火。,0,网络
M148,漫画,漫画/我爱的人也爱着我，对我来说这简直是个奇迹。,0,网络
M149,漫画,漫画/就算风吹散了冰雪，想念也会留存下来。,0,网络
M150,漫画,漫画/不幸的是我们等了那么多年，幸运的我们那么多年过去还一直在一起,0,网络
M151,漫画,漫画/吾心吾行澄如明镜，所作所为皆为正义。,0,网络
M152,漫画,漫画/我只是不想再失去他——哪怕是仅存在一瞬的幻影！,0,网络
M153,漫画,漫画/如果有一个喜欢你的人出现，一定不要凶她哦！,0,网络
M154,漫画,漫画/不敢打开信封啊。因为，打开了就结束了啊。,0,网络
M155,漫画,漫画/任尘世繁华，唯有守护你的一切，才是我此生唯一的使命。,0,网络
M156,漫画,漫画/你为了你的正义，我为了我的正义。,0,网络
M157,漫画,漫画/此时此刻的咱啊，能和汝在一起，是最幸福的了。,0,网络
M158,漫画,漫画/不管你说再多的慌，只有自己的内心，是无法欺骗的啊。,0,网络
M159,漫画,漫画/我们是学生，学生就要有学生的样子。,0,网络
M160,漫画,漫画/不要太小看人类了！,0,网络
M161,漫画,漫画/猫是可爱的，狼是很帅的。就是说，孤独又可爱又帅。,0,网络
M162,漫画,漫画/军人天生就舍弃了战斗的意义！,0,网络
M163,漫画,漫画/孤独的人不会伤害别人，只会不断地伤害自己罢了。,0,网络
M164,漫画,"漫画/爱,其实很简单，困难的是去接受它。",0,网络
M165,漫画,漫画/不管你说再多的慌，只有自己的内心，是无法欺骗的啊。,0,网络
M166,漫画,漫画/不要太小看人类了！,0,网络
M167,漫画,漫画/不幸的是我们等了那么多年，幸运的我们那么多年过去还一直在一起,0,网络
M168,漫画,漫画/跌跌撞撞的成长，又美又疼才是本质。,0,网络
M169,漫画,漫画/跌跌撞撞的成长，又美又疼才是本质。,0,网络
M170,漫画,漫画/猫是可爱的，狼是很帅的。就是说，孤独又可爱又帅。,0,网络
M171,漫画,漫画/我们是学生，学生就要有学生的样子。,0,网络
M172,漫画,漫画/憧憬，是距离了解最遥远的一种感情。,0,网络
M173,漫画,漫画/我的一生，无怨无悔！,0,网络
M174,漫画,漫画/猫是可爱的，狼是很帅的。就是说，孤独又可爱又帅。,0,网络
M175,漫画,漫画/末将于禁，愿为曹家世代赴汤蹈火。,0,网络
M176,漫画,漫画/温柔正确的人总是难以生存，因为这世界既不温柔，也不正确,0,网络
M177,漫画,漫画/憧憬是距离理解最遥远的感情,0,网络
M178,漫画,漫画/小鸟......是无法追上飞龙的。,0,网络
M179,漫画,漫画/身为冒险者，如果安静的老死在床上，那简直就是耻辱！,0,网络
M180,漫画,漫画/我又不是因为你们的评价才去当的英雄，是因为我想当才去当的,0,网络
M181,漫画,漫画/不管你说再多的慌，只有自己的内心，是无法欺骗的啊。,0,网络
M182,漫画,漫画/人，百年一世；龙，百年一岁。君生吾已老，君未变，而吾已老。,0,网络
M183,漫画,漫画/不要太小看人类了！,0,网络
M184,漫画,漫画/你为了你的正义，我为了我的正义。,0,网络
M185,漫画,漫画/嗯呐......软绵绵的人偶，来治愈你们的哟。,0,网络
M186,漫画,漫画/越是困难，越要抬起头，地上可找不到任何希望！,0,网络
M187,漫画,漫画/越是困难，越要抬起头，地上可找不到任何希望！,0,网络
M188,漫画,漫画/强大使人快乐。,0,网络
M189,漫画,漫画/我爱的人也爱着我，对我来说这简直是个奇迹。,0,网络
M190,漫画,漫画/我只是不想再失去他——哪怕是仅存在一瞬的幻影！,0,网络
M191,漫画,漫画/不幸的是我们等了那么多年，幸运的我们那么多年过去还一直在一起,0,网络
M192,漫画,漫画/愿时光能缓，愿故人不散！,0,网络
M193,漫画,漫画/我只是不想再失去他——哪怕是仅存在一瞬的幻影！,0,网络
M194,漫画,漫画/吾心吾行澄如明镜，所作所为皆为正义。,0,网络
M195,漫画,漫画/不要太小看人类了！,0,网络
M196,漫画,漫画/如果不能忠于自己的心，胜负又有什么价值呢？,0,网络
M197,漫画,漫画/只有分离后才能懂的事，却没有了感慨的时间。,0,网络
M198,漫画,漫画/和你们这些少爷不同，我们光是活着就竭尽全力了。,0,网络
M199,漫画,漫画/我本来不想使出这一招的,0,网络
M200,漫画,漫画/强大使人快乐。,0,网络
M201,漫画,漫画/猫是可爱的，狼是很帅的。就是说，孤独又可爱又帅。,0,网络
M202,漫画,漫画/我们的学生会长，比高达还强。,0,网络
M203,漫画,漫画/如果不能忠于自己的心，胜负又有什么价值呢？,0,网络
M204,漫画,漫画/孤独的人不会伤害别人，只会不断地伤害自己罢了。,0,网络
M205,漫画,漫画/任尘世繁华，唯有守护你的一切，才是我此生唯一的使命。,0,网络
M206,漫画,漫画/我今天就是要带她走，我看哪个敢拦我。,0,网络
M207,漫画,漫画/如果不能忠于自己的心，胜负又有什么价值呢？,0,网络
M208,漫画,漫画/我又不是因为你们的评价才去当的英雄，是因为我想当才去当的,0,网络
M209,漫画,漫画/我的一生，无怨无悔！,0,网络
M210,漫画,漫画/我爱的人也爱着我，对我来说这简直是个奇迹。,0,网络
M211,漫画,漫画/我只是不想再失去他——哪怕是仅存在一瞬的幻影！,0,网络
M212,漫画,漫画/军人天生就舍弃了战斗的意义！,0,网络
M213,漫画,漫画/小鸟......是无法追上飞龙的。,0,网络
M214,漫画,漫画/我只是不想再失去他——哪怕是仅存在一瞬的幻影！,0,网络
M215,漫画,漫画/不管你说再多的慌，只有自己的内心，是无法欺骗的啊。,0,网络
M216,漫画,漫画/我的一生，无怨无悔！,0,网络
M217,漫画,漫画/不管你说再多的慌，只有自己的内心，是无法欺骗的啊。,0,网络
M218,漫画,漫画/小鸟......是无法追上飞龙的。,0,网络
M219,漫画,漫画/任尘世繁华，唯有守护你的一切，才是我此生唯一的使命。,0,网络
M220,漫画,漫画/今后无论发生什么事也好，这个左手上的⋯⋯都是同伴的记号！,0,网络
M221,漫画,漫画/不幸的是我们等了那么多年，幸运的我们那么多年过去还一直在一起,0,网络
M222,漫画,漫画/我今天就是要带她走，我看哪个敢拦我。,0,网络
M223,漫画,漫画/我和你，可以做朋友吗？,0,网络
M224,漫画,漫画/不敢打开信封啊。因为，打开了就结束了啊。,0,网络
M225,漫画,漫画/愿时光能缓，愿故人不散！,0,网络
M226,漫画,漫画/憧憬是距离理解最遥远的感情,0,网络
M227,漫画,漫画/憧憬，是距离了解最遥远的一种感情。,0,网络
M228,漫画,漫画/猫是可爱的，狼是很帅的。就是说，孤独又可爱又帅。,0,网络
M229,漫画,漫画/军人天生就舍弃了战斗的意义！,0,网络
M230,漫画,漫画/小鸟......是无法追上飞龙的。,0,网络
M231,漫画,漫画/如果有一个喜欢你的人出现，一定不要凶她哦！,0,网络
M232,漫画,漫画/只有分离后才能懂的事，却没有了感慨的时间。,0,网络
M233,漫画,漫画/憧憬，是距离了解最遥远的一种感情。,0,网络
M234,漫画,漫画/身为冒险者，如果安静的老死在床上，那简直就是耻辱！,0,网络
M235,漫画,漫画/如果有一个喜欢你的人出现，一定不要凶她哦！,0,网络
M236,漫画,漫画/爱与友情以及勇气改变不了一个人，只有受伤才能让人成长,0,网络
M237,漫画,漫画/愿时光能缓，愿故人不散！,0,网络
M238,漫画,漫画/愿时光能缓，愿故人不散！,0,网络
M239,漫画,漫画/人，百年一世；龙，百年一岁。君生吾已老，君未变，而吾已老。,0,网络
M240,漫画,漫画/此时此刻的咱啊，能和汝在一起，是最幸福的了。,0,网络
M241,漫画,漫画/我的一生，无怨无悔！,0,网络
M242,漫画,漫画/不管你说再多的慌，只有自己的内心，是无法欺骗的啊。,0,网络
M243,漫画,漫画/人，百年一世；龙，百年一岁。君生吾已老，君未变，而吾已老。,0,网络
M244,漫画,漫画/不要太小看人类了！,0,网络
M245,漫画,漫画/猫是可爱的，狼是很帅的。就是说，孤独又可爱又帅。,0,网络
M246,漫画,漫画/我今天就是要带她走，我看哪个敢拦我。,0,网络
M247,漫画,漫画/一定没有问题的！,0,网络
M248,漫画,漫画/温柔正确的人总是难以生存，因为这世界既不温柔，也不正确,0,网络
M249,漫画,漫画/小鸟......是无法追上飞龙的。,0,网络
M250,漫画,漫画/我又不是因为你们的评价才去当的英雄，是因为我想当才去当的,0,网络
M251,漫画,漫画/不幸的是我们等了那么多年，幸运的我们那么多年过去还一直在一起,0,网络
M252,漫画,漫画/我本来不想使出这一招的,0,网络
M253,漫画,漫画/两个人从监狱的窗户往外看，一个看见了土地，一个看见了星星。,0,网络
M254,漫画,漫画/一起去看星星吧。,0,网络
M255,漫画,漫画/嗯呐......软绵绵的人偶，来治愈你们的哟。,0,网络
M256,漫画,漫画/愿时光能缓，愿故人不散！,0,网络
M257,漫画,漫画/富江有天使的脸孔，但其实她是个恶魔，不，恶魔也比她要好一点。,0,网络
M258,漫画,漫画/最最好的，与最最痛苦的，是一样的。,0,网络
M259,漫画,漫画/和你们这些少爷不同，我们光是活着就竭尽全力了。,0,网络
M260,漫画,漫画/我们是学生，学生就要有学生的样子。,0,网络
M261,漫画,漫画/军人天生就舍弃了战斗的意义！,0,网络
M262,漫画,漫画/嗯呐......软绵绵的人偶，来治愈你们的哟。,0,网络
M263,漫画,漫画/我的一生，无怨无悔！,0,网络
M264,漫画,漫画/不幸的是我们等了那么多年，幸运的我们那么多年过去还一直在一起,0,网络
M265,漫画,漫画/此时此刻的咱啊，能和汝在一起，是最幸福的了。,0,网络
M266,漫画,漫画/人总是贪婪的，就像最开始，我也只是想知道你的名字。,0,网络
M267,漫画,漫画/一起去看星星吧。,0,网络
M268,漫画,漫画/越是困难，越要抬起头，地上可找不到任何希望！,0,网络
M269,漫画,"漫画/爱,其实很简单，困难的是去接受它。",0,网络
M270,漫画,漫画/失去故土的花朵，回不去，却也离不开。,0,网络
M271,漫画,漫画/不敢打开信封啊。因为，打开了就结束了啊。,0,网络
M272,漫画,漫画/爱与友情以及勇气改变不了一个人，只有受伤才能让人成长,0,网络
M273,漫画,漫画/温柔正确的人总是难以生存，因为这世界既不温柔，也不正确,0,网络
M274,漫画,漫画/身为冒险者，如果安静的老死在床上，那简直就是耻辱！,0,网络
M275,漫画,漫画/最最好的，与最最痛苦的，是一样的。,0,网络
M276,漫画,漫画/富江有天使的脸孔，但其实她是个恶魔，不，恶魔也比她要好一点。,0,网络
M277,漫画,漫画/身为冒险者，如果安静的老死在床上，那简直就是耻辱！,0,网络
M278,漫画,漫画/我本来不想使出这一招的,0,网络
M279,漫画,漫画/身为冒险者，如果安静的老死在床上，那简直就是耻辱！,0,网络
M280,漫画,漫画/今后无论发生什么事也好，这个左手上的⋯⋯都是同伴的记号！,0,网络
M281,漫画,漫画/只有分离后才能懂的事，却没有了感慨的时间。,0,网络
M282,漫画,漫画/如果有一个喜欢你的人出现，一定不要凶她哦！,0,网络
M283,漫画,漫画/跌跌撞撞的成长，又美又疼才是本质。,0,网络
M284,漫画,漫画/强大使人快乐。,0,网络
M285,漫画,漫画/吾心吾行澄如明镜，所作所为皆为正义。,0,网络
M286,漫画,"漫画/爱,其实很简单，困难的是去接受它。",0,网络
M287,漫画,漫画/其实美丽的故事都是没有结局的，只因为它没有结局所以才会美丽。,0,网络
M288,漫画,漫画/我命令你，喜欢我！,0,网络
M289,漫画,漫画/失去故土的花朵，回不去，却也离不开。,0,网络
M290,漫画,漫画/吾心吾行澄如明镜，所作所为皆为正义。,0,网络
M291,漫画,漫画/我爱的人也爱着我，对我来说这简直是个奇迹。,0,网络
M292,漫画,漫画/人总是贪婪的，就像最开始，我也只是想知道你的名字。,0,网络
M293,漫画,"漫画/爱,其实很简单，困难的是去接受它。",0,网络
M294,漫画,漫画/我今天就是要带她走，我看哪个敢拦我。,0,网络
M295,漫画,漫画/我本来不想使出这一招的,0,网络
M296,漫画,漫画/人总是贪婪的，就像最开始，我也只是想知道你的名字。,0,网络
M297,漫画,漫画/跌跌撞撞的成长，又美又疼才是本质。,0,网络
M298,漫画,漫画/我的一生，无怨无悔！,0,网络
M299,漫画,漫画/最最好的，与最最痛苦的，是一样的。,0,网络
M300,漫画,漫画/我之所以想变强，是为了活得轻松写意。,0,网络
M301,漫画,漫画/末将于禁，愿为曹家世代赴汤蹈火。,0,网络
M302,漫画,漫画/我们的学生会长，比高达还强。,0,网络
M303,漫画,漫画/不敢打开信封啊。因为，打开了就结束了啊。,0,网络
M304,漫画,漫画/失去故土的花朵，回不去，却也离不开。,0,网络
M305,漫画,漫画/那天，我听到了种子破土的声音，又细微又坚定。,0,网络
M306,漫画,漫画/不幸的是我们等了那么多年，幸运的我们那么多年过去还一直在一起,0,网络
M307,漫画,漫画/人，百年一世；龙，百年一岁。君生吾已老，君未变，而吾已老。,0,网络
M308,漫画,漫画/富江有天使的脸孔，但其实她是个恶魔，不，恶魔也比她要好一点。,0,网络
M309,漫画,漫画/人，百年一世；龙，百年一岁。君生吾已老，君未变，而吾已老。,0,网络
M310,漫画,漫画/最最好的，与最最痛苦的，是一样的。,0,网络
M311,漫画,漫画/一起去看星星吧。,0,网络
M312,漫画,漫画/是不是现在踏出这一步，下决定的是他。,0,网络
M313,漫画,漫画/末将于禁，愿为曹家世代赴汤蹈火。,0,网络
M314,漫画,漫画/我又不是因为你们的评价才去当的英雄，是因为我想当才去当的,0,网络
M315,漫画,漫画/如果不能忠于自己的心，胜负又有什么价值呢？,0,网络
M316,漫画,"漫画/爱,其实很简单，困难的是去接受它。",0,网络
M317,漫画,漫画/我们是学生，学生就要有学生的样子。,0,网络
M318,漫画,漫画/我命令你，喜欢我！,0,网络
M319,漫画,漫画/如果有一个喜欢你的人出现，一定不要凶她哦！,0,网络
M320,漫画,漫画/我只是不想再失去他——哪怕是仅存在一瞬的幻影！,0,网络
M321,漫画,漫画/和你们这些少爷不同，我们光是活着就竭尽全力了。,0,网络
M322,漫画,漫画/猫是可爱的，狼是很帅的。就是说，孤独又可爱又帅。,0,网络
M323,漫画,漫画/憧憬是距离理解最遥远的感情,0,网络
M324,漫画,漫画/如果有一个喜欢你的人出现，一定不要凶她哦！,0,网络
M325,漫画,漫画/你为了你的正义，我为了我的正义。,0,网络
M326,漫画,漫画/其实美丽的故事都是没有结局的，只因为它没有结局所以才会美丽。,0,网络
M327,漫画,漫画/不敢打开信封啊。因为，打开了就结束了啊。,0,网络
M328,漫画,漫画/是不是现在踏出这一步，下决定的是他。,0,网络
M329,漫画,漫画/末将于禁，愿为曹家世代赴汤蹈火。,0,网络
M330,漫画,漫画/和你们这些少爷不同，我们光是活着就竭尽全力了。,0,网络
M331,漫画,漫画/跌跌撞撞的成长，又美又疼才是本质。,0,网络
M332,漫画,漫画/小鸟......是无法追上飞龙的。,0,网络
M333,漫画,漫画/憧憬，是距离了解最遥远的一种感情。,0,网络
M334,漫画,漫画/我之所以想变强，是为了活得轻松写意。,0,网络
M335,漫画,漫画/其实美丽的故事都是没有结局的，只因为它没有结局所以才会美丽。,0,网络
M336,漫画,漫画/我又不是因为你们的评价才去当的英雄，是因为我想当才去当的,0,网络
M337,漫画,漫画/只有分离后才能懂的事，却没有了感慨的时间。,0,网络
M338,漫画,漫画/我只是不想再失去他——哪怕是仅存在一瞬的幻影！,0,网络
M339,漫画,漫画/不敢打开信封啊。因为，打开了就结束了啊。,0,网络
M340,漫画,漫画/不敢打开信封啊。因为，打开了就结束了啊。,0,网络
M341,漫画,漫画/强大使人快乐。,0,网络
M342,漫画,漫画/不要太小看人类了！,0,网络
M343,漫画,漫画/不敢打开信封啊。因为，打开了就结束了啊。,0,网络
M344,漫画,漫画/爱与友情以及勇气改变不了一个人，只有受伤才能让人成长,0,网络
M345,漫画,漫画/如果不能忠于自己的心，胜负又有什么价值呢？,0,网络
M346,漫画,漫画/我命令你，喜欢我！,0,网络
M347,漫画,漫画/一起去看星星吧。,0,网络
M348,漫画,漫画/军人天生就舍弃了战斗的意义！,0,网络
M349,漫画,漫画/身为冒险者，如果安静的老死在床上，那简直就是耻辱！,0,网络
M350,漫画,漫画/不敢打开信封啊。因为，打开了就结束了啊。,0,网络
M351,漫画,漫画/此时此刻的咱啊，能和汝在一起，是最幸福的了。,0,网络
M352,漫画,漫画/不要轻易的口出狂言，那样只会透露出你的软弱。,0,网络
M353,漫画,漫画/任尘世繁华，唯有守护你的一切，才是我此生唯一的使命。,0,网络
M354,漫画,漫画/不要太小看人类了！,0,网络
M355,漫画,漫画/憧憬是距离理解最遥远的感情,0,网络
M356,漫画,漫画/不幸的是我们等了那么多年，幸运的我们那么多年过去还一直在一起,0,网络
M357,漫画,漫画/你为了你的正义，我为了我的正义。,0,网络
M358,漫画,漫画/是不是现在踏出这一步，下决定的是他。,0,网络
M359,漫画,漫画/我们是学生，学生就要有学生的样子。,0,网络
M360,漫画,漫画/你为了你的正义，我为了我的正义。,0,网络
M361,漫画,漫画/我又不是因为你们的评价才去当的英雄，是因为我想当才去当的,0,网络
M362,漫画,漫画/我之所以想变强，是为了活得轻松写意。,0,网络
M363,漫画,漫画/温柔正确的人总是难以生存，因为这世界既不温柔，也不正确,0,网络
M364,漫画,漫画/只有分离后才能懂的事，却没有了感慨的时间。,0,网络
M365,漫画,漫画/军人天生就舍弃了战斗的意义！,0,网络
M366,漫画,漫画/不要轻易的口出狂言，那样只会透露出你的软弱。,0,网络
M367,漫画,漫画/是不是现在踏出这一步，下决定的是他。,0,网络
M368,漫画,漫画/我们的学生会长，比高达还强。,0,网络
M369,漫画,漫画/富江有天使的脸孔，但其实她是个恶魔，不，恶魔也比她要好一点。,0,网络
M370,漫画,漫画/人，百年一世；龙，百年一岁。君生吾已老，君未变，而吾已老。,0,网络
M371,漫画,"漫画/爱,其实很简单，困难的是去接受它。",0,网络
M372,漫画,漫画/我命令你，喜欢我！,0,网络
M373,漫画,漫画/军人天生就舍弃了战斗的意义！,0,网络
M374,漫画,漫画/跌跌撞撞的成长，又美又疼才是本质。,0,网络
M375,漫画,漫画/吾心吾行澄如明镜，所作所为皆为正义。,0,网络
M376,漫画,漫画/末将于禁，愿为曹家世代赴汤蹈火。,0,网络
M377,漫画,漫画/如果不能忠于自己的心，胜负又有什么价值呢？,0,网络
M378,漫画,漫画/小鸟......是无法追上飞龙的。,0,网络
M379,漫画,漫画/如果有一个喜欢你的人出现，一定不要凶她哦！,0,网络
M380,漫画,漫画/一起去看星星吧。,0,网络
M381,漫画,漫画/孤独的人不会伤害别人，只会不断地伤害自己罢了。,0,网络
M382,漫画,漫画/跌跌撞撞的成长，又美又疼才是本质。,0,网络
M383,漫画,漫画/我今天就是要带她走，我看哪个敢拦我。,0,网络
M384,漫画,漫画/猫是可爱的，狼是很帅的。就是说，孤独又可爱又帅。,0,网络
M385,漫画,漫画/那天，我听到了种子破土的声音，又细微又坚定。,0,网络
M386,漫画,漫画/我们的学生会长，比高达还强。,0,网络
M387,漫画,漫画/是不是现在踏出这一步，下决定的是他。,0,网络
M388,漫画,漫画/不管你说再多的慌，只有自己的内心，是无法欺骗的啊。,0,网络
M389,漫画,漫画/如果不能忠于自己的心，胜负又有什么价值呢？,0,网络
M390,漫画,漫画/末将于禁，愿为曹家世代赴汤蹈火。,0,网络
M391,漫画,漫画/和你们这些少爷不同，我们光是活着就竭尽全力了。,0,网络
M392,漫画,漫画/不管你说再多的慌，只有自己的内心，是无法欺骗的啊。,0,网络
M393,漫画,漫画/我本来不想使出这一招的,0,网络
M394,漫画,漫画/和你们这些少爷不同，我们光是活着就竭尽全力了。,0,网络
M395,漫画,漫画/末将于禁，愿为曹家世代赴汤蹈火。,0,网络
M396,漫画,漫画/就算风吹散了冰雪，想念也会留存下来。,0,网络
M397,漫画,漫画/我今天就是要带她走，我看哪个敢拦我。,0,网络
M398,漫画,漫画/此时此刻的咱啊，能和汝在一起，是最幸福的了。,0,网络
M399,漫画,漫画/我又不是因为你们的评价才去当的英雄，是因为我想当才去当的,0,网络
M400,漫画,漫画/我今天就是要带她走，我看哪个敢拦我。,0,网络
M401,漫画,漫画/人，百年一世；龙，百年一岁。君生吾已老，君未变，而吾已老。,0,网络
M402,漫画,漫画/憧憬是距离理解最遥远的感情,0,网络
M403,漫画,漫画/只有分离后才能懂的事，却没有了感慨的时间。,0,网络
M404,漫画,漫画/是不是现在踏出这一步，下决定的是他。,0,网络
M405,漫画,漫画/不要太小看人类了！,0,网络
M406,漫画,漫画/憧憬是距离理解最遥远的感情,0,网络
M407,漫画,漫画/猫是可爱的，狼是很帅的。就是说，孤独又可爱又帅。,0,网络
M408,漫画,漫画/我只是不想再失去他——哪怕是仅存在一瞬的幻影！,0,网络
M409,漫画,漫画/强大使人快乐。,0,网络
M410,漫画,"漫画/爱,其实很简单，困难的是去接受它。",0,网络
M411,漫画,漫画/你为了你的正义，我为了我的正义。,0,网络
M412,漫画,漫画/如果不能忠于自己的心，胜负又有什么价值呢？,0,网络
M413,漫画,漫画/小鸟......是无法追上飞龙的。,0,网络
M414,漫画,漫画/末将于禁，愿为曹家世代赴汤蹈火。,0,网络
M415,漫画,漫画/憧憬是距离理解最遥远的感情,0,网络
M416,漫画,漫画/我们的学生会长，比高达还强。,0,网络
M417,漫画,漫画/温柔正确的人总是难以生存，因为这世界既不温柔，也不正确,0,网络
M418,漫画,漫画/不幸的是我们等了那么多年，幸运的我们那么多年过去还一直在一起,0,网络
M419,漫画,漫画/今后无论发生什么事也好，这个左手上的⋯⋯都是同伴的记号！,0,网络
M420,漫画,漫画/我之所以想变强，是为了活得轻松写意。,0,网络
M421,漫画,漫画/爱与友情以及勇气改变不了一个人，只有受伤才能让人成长,0,网络
M422,漫画,漫画/猫是可爱的，狼是很帅的。就是说，孤独又可爱又帅。,0,网络
M423,漫画,漫画/那天，我听到了种子破土的声音，又细微又坚定。,0,网络
M424,漫画,漫画/我只是不想再失去他——哪怕是仅存在一瞬的幻影！,0,网络
M425,漫画,漫画/就算风吹散了冰雪，想念也会留存下来。,0,网络
M426,漫画,漫画/强大使人快乐。,0,网络
M427,漫画,漫画/身为冒险者，如果安静的老死在床上，那简直就是耻辱！,0,网络
M428,漫画,漫画/人总是贪婪的，就像最开始，我也只是想知道你的名字。,0,网络
M429,漫画,漫画/我和你，可以做朋友吗？,0,网络
M430,漫画,漫画/愿时光能缓，愿故人不散！,0,网络
M431,漫画,漫画/我命令你，喜欢我！,0,网络
M432,漫画,漫画/人，百年一世；龙，百年一岁。君生吾已老，君未变，而吾已老。,0,网络
M433,漫画,漫画/强大使人快乐。,0,网络
M434,漫画,漫画/如果不能忠于自己的心，胜负又有什么价值呢？,0,网络
M435,漫画,漫画/不管你说再多的慌，只有自己的内心，是无法欺骗的啊。,0,网络
M436,漫画,漫画/就算风吹散了冰雪，想念也会留存下来。,0,网络
M437,漫画,漫画/我们是学生，学生就要有学生的样子。,0,网络
M438,漫画,漫画/孤独的人不会伤害别人，只会不断地伤害自己罢了。,0,网络
M439,漫画,漫画/跌跌撞撞的成长，又美又疼才是本质。,0,网络
M440,漫画,漫画/吾心吾行澄如明镜，所作所为皆为正义。,0,网络
M441,漫画,漫画/军人天生就舍弃了战斗的意义！,0,网络
M442,漫画,漫画/小鸟......是无法追上飞龙的。,0,网络
M443,漫画,漫画/越是困难，越要抬起头，地上可找不到任何希望！,0,网络
M444,漫画,漫画/一起去看星星吧。,0,网络
M445,漫画,漫画/今后无论发生什么事也好，这个左手上的⋯⋯都是同伴的记号！,0,网络
M446,漫画,漫画/我命令你，喜欢我！,0,网络
M447,漫画,漫画/富江有天使的脸孔，但其实她是个恶魔，不，恶魔也比她要好一点。,0,网络
M448,漫画,"漫画/爱,其实很简单，困难的是去接受它。",0,网络
M449,漫画,漫画/我今天就是要带她走，我看哪个敢拦我。,0,网络
M450,漫画,漫画/憧憬是距离理解最遥远的感情,0,网络
M451,漫画,漫画/不幸的是我们等了那么多年，幸运的我们那么多年过去还一直在一起,0,网络
M452,漫画,漫画/不幸的是我们等了那么多年，幸运的我们那么多年过去还一直在一起,0,网络
M453,漫画,漫画/人，百年一世；龙，百年一岁。君生吾已老，君未变，而吾已老。,0,网络
M454,漫画,漫画/就算风吹散了冰雪，想念也会留存下来。,0,网络
M455,漫画,漫画/失去故土的花朵，回不去，却也离不开。,0,网络
M456,漫画,漫画/吾心吾行澄如明镜，所作所为皆为正义。,0,网络
M457,漫画,漫画/只有分离后才能懂的事，却没有了感慨的时间。,0,网络
M458,漫画,漫画/就算风吹散了冰雪，想念也会留存下来。,0,网络
M459,漫画,漫画/任尘世繁华，唯有守护你的一切，才是我此生唯一的使命。,0,网络
M460,漫画,漫画/你为了你的正义，我为了我的正义。,0,网络
M461,漫画,漫画/我命令你，喜欢我！,0,网络
M462,漫画,漫画/失去故土的花朵，回不去，却也离不开。,0,网络
M463,漫画,漫画/其实美丽的故事都是没有结局的，只因为它没有结局所以才会美丽。,0,网络
M464,漫画,漫画/不幸的是我们等了那么多年，幸运的我们那么多年过去还一直在一起,0,网络
M465,漫画,漫画/末将于禁，愿为曹家世代赴汤蹈火。,0,网络
M466,漫画,漫画/只有分离后才能懂的事，却没有了感慨的时间。,0,网络
M467,漫画,漫画/你为了你的正义，我为了我的正义。,0,网络
M468,漫画,漫画/我们是学生，学生就要有学生的样子。,0,网络
M469,漫画,漫画/最最好的，与最最痛苦的，是一样的。,0,网络
M470,漫画,漫画/其实美丽的故事都是没有结局的，只因为它没有结局所以才会美丽。,0,网络
M471,漫画,漫画/只有分离后才能懂的事，却没有了感慨的时间。,0,网络
M472,漫画,漫画/我和你，可以做朋友吗？,0,网络
M473,漫画,漫画/不要轻易的口出狂言，那样只会透露出你的软弱。,0,网络
M474,漫画,漫画/那天，我听到了种子破土的声音，又细微又坚定。,0,网络
M475,漫画,漫画/我又不是因为你们的评价才去当的英雄，是因为我想当才去当的,0,网络
M476,漫画,"漫画/爱,其实很简单，困难的是去接受它。",0,网络
M477,漫画,漫画/跌跌撞撞的成长，又美又疼才是本质。,0,网络
M478,漫画,漫画/人，百年一世；龙，百年一岁。君生吾已老，君未变，而吾已老。,0,网络
M479,漫画,漫画/我们的学生会长，比高达还强。,0,网络
M480,漫画,漫画/跌跌撞撞的成长，又美又疼才是本质。,0,网络
M481,漫画,漫画/我本来不想使出这一招的,0,网络
M482,漫画,漫画/一起去看星星吧。,0,网络
M483,漫画,漫画/那天，我听到了种子破土的声音，又细微又坚定。,0,网络
M484,漫画,漫画/其实美丽的故事都是没有结局的，只因为它没有结局所以才会美丽。,0,网络
M485,漫画,漫画/我只是不想再失去他——哪怕是仅存在一瞬的幻影！,0,网络
M486,漫画,漫画/猫是可爱的，狼是很帅的。就是说，孤独又可爱又帅。,0,网络
M487,漫画,漫画/我爱的人也爱着我，对我来说这简直是个奇迹。,0,网络
M488,漫画,漫画/我今天就是要带她走，我看哪个敢拦我。,0,网络
M489,漫画,漫画/今后无论发生什么事也好，这个左手上的⋯⋯都是同伴的记号！,0,网络
M490,漫画,漫画/憧憬是距离理解最遥远的感情,0,网络
M491,漫画,漫画/我今天就是要带她走，我看哪个敢拦我。,0,网络
M492,漫画,漫画/不要太小看人类了！,0,网络
M493,漫画,漫画/不管你说再多的慌，只有自己的内心，是无法欺骗的啊。,0,网络
M494,漫画,漫画/富江有天使的脸孔，但其实她是个恶魔，不，恶魔也比她要好一点。,0,网络
M495,漫画,漫画/嗯呐......软绵绵的人偶，来治愈你们的哟。,0,网络
M496,漫画,漫画/我本来不想使出这一招的,0,网络
M497,漫画,漫画/人，百年一世；龙，百年一岁。君生吾已老，君未变，而吾已老。,0,网络
M498,漫画,漫画/你为了你的正义，我为了我的正义。,0,网络
M499,漫画,漫画/两个人从监狱的窗户往外看，一个看见了土地，一个看见了星星。,0,网络
M500,漫画,漫画/两个人从监狱的窗户往外看，一个看见了土地，一个看见了星星。,0,网络
M501,漫画,漫画/越是困难，越要抬起头，地上可找不到任何希望！,0,网络
M502,漫画,漫画/我本来不想使出这一招的,0,网络
M503,漫画,漫画/如果不能忠于自己的心，胜负又有什么价值呢？,0,网络
M504,漫画,漫画/就算风吹散了冰雪，想念也会留存下来。,0,网络
M505,漫画,漫画/只有分离后才能懂的事，却没有了感慨的时间。,0,网络
M506,漫画,漫画/我今天就是要带她走，我看哪个敢拦我。,0,网络
M507,漫画,漫画/爱与友情以及勇气改变不了一个人，只有受伤才能让人成长,0,网络
M508,漫画,"漫画/爱,其实很简单，困难的是去接受它。",0,网络
M509,漫画,漫画/我之所以想变强，是为了活得轻松写意。,0,网络
M510,漫画,漫画/我爱的人也爱着我，对我来说这简直是个奇迹。,0,网络
M511,漫画,漫画/我又不是因为你们的评价才去当的英雄，是因为我想当才去当的,0,网络
M512,漫画,漫画/愿时光能缓，愿故人不散！,0,网络
M513,漫画,漫画/我之所以想变强，是为了活得轻松写意。,0,网络
M514,漫画,漫画/人，百年一世；龙，百年一岁。君生吾已老，君未变，而吾已老。,0,网络
M515,漫画,漫画/我又不是因为你们的评价才去当的英雄，是因为我想当才去当的,0,网络
M516,漫画,漫画/嗯呐......软绵绵的人偶，来治愈你们的哟。,0,网络
M517,漫画,漫画/我之所以想变强，是为了活得轻松写意。,0,网络
M518,漫画,漫画/如果不能忠于自己的心，胜负又有什么价值呢？,0,网络
M519,漫画,漫画/爱与友情以及勇气改变不了一个人，只有受伤才能让人成长,0,网络
M520,漫画,漫画/我又不是因为你们的评价才去当的英雄，是因为我想当才去当的,0,网络
M521,漫画,漫画/富江有天使的脸孔，但其实她是个恶魔，不，恶魔也比她要好一点。,0,网络
M522,漫画,漫画/身为冒险者，如果安静的老死在床上，那简直就是耻辱！,0,网络
M523,漫画,漫画/身为冒险者，如果安静的老死在床上，那简直就是耻辱！,0,网络
M524,漫画,漫画/愿时光能缓，愿故人不散！,0,网络
M525,漫画,漫画/任尘世繁华，唯有守护你的一切，才是我此生唯一的使命。,0,网络
M526,漫画,漫画/就算风吹散了冰雪，想念也会留存下来。,0,网络
M527,漫画,漫画/猫是可爱的，狼是很帅的。就是说，孤独又可爱又帅。,0,网络
M528,漫画,漫画/我之所以想变强，是为了活得轻松写意。,0,网络
M529,漫画,"漫画/爱,其实很简单，困难的是去接受它。",0,网络
M530,漫画,漫画/我本来不想使出这一招的,0,网络
M531,漫画,漫画/如果有一个喜欢你的人出现，一定不要凶她哦！,0,网络
M532,漫画,漫画/就算风吹散了冰雪，想念也会留存下来。,0,网络
M533,漫画,漫画/憧憬，是距离了解最遥远的一种感情。,0,网络
M534,漫画,漫画/今后无论发生什么事也好，这个左手上的⋯⋯都是同伴的记号！,0,网络
M535,漫画,漫画/跌跌撞撞的成长，又美又疼才是本质。,0,网络
M536,漫画,漫画/末将于禁，愿为曹家世代赴汤蹈火。,0,网络
M537,漫画,漫画/跌跌撞撞的成长，又美又疼才是本质。,0,网络
M538,漫画,漫画/越是困难，越要抬起头，地上可找不到任何希望！,0,网络
M539,漫画,漫画/我爱的人也爱着我，对我来说这简直是个奇迹。,0,网络
M540,漫画,漫画/我命令你，喜欢我！,0,网络
M541,漫画,漫画/一起去看星星吧。,0,网络
M542,漫画,漫画/我只是不想再失去他——哪怕是仅存在一瞬的幻影！,0,网络
M543,漫画,漫画/如果不能忠于自己的心，胜负又有什么价值呢？,0,网络
M544,漫画,漫画/一起去看星星吧。,0,网络
M545,漫画,漫画/我只是不想再失去他——哪怕是仅存在一瞬的幻影！,0,网络
M546,漫画,漫画/军人天生就舍弃了战斗的意义！,0,网络
M547,漫画,漫画/小鸟......是无法追上飞龙的。,0,网络
M548,漫画,漫画/就算风吹散了冰雪，想念也会留存下来。,0,网络
M549,漫画,漫画/一起去看星星吧。,0,网络
M550,漫画,漫画/不管你说再多的慌，只有自己的内心，是无法欺骗的啊。,0,网络
M551,漫画,漫画/一定没有问题的！,0,网络
M552,漫画,漫画/爱与友情以及勇气改变不了一个人，只有受伤才能让人成长,0,网络
M553,漫画,漫画/我又不是因为你们的评价才去当的英雄，是因为我想当才去当的,0,网络
M554,漫画,漫画/不要轻易的口出狂言，那样只会透露出你的软弱。,0,网络
M555,漫画,漫画/我又不是因为你们的评价才去当的英雄，是因为我想当才去当的,0,网络
M556,漫画,漫画/嗯呐......软绵绵的人偶，来治愈你们的哟。,0,网络
M557,漫画,漫画/我们的学生会长，比高达还强。,0,网络
M558,漫画,漫画/我们的学生会长，比高达还强。,0,网络
M559,漫画,漫画/温柔正确的人总是难以生存，因为这世界既不温柔，也不正确,0,网络
M560,漫画,漫画/我今天就是要带她走，我看哪个敢拦我。,0,网络
M561,漫画,"漫画/爱,其实很简单，困难的是去接受它。",0,网络
M562,漫画,漫画/憧憬，是距离了解最遥远的一种感情。,0,网络
M563,漫画,漫画/如果不能忠于自己的心，胜负又有什么价值呢？,0,网络
M564,漫画,漫画/如果不能忠于自己的心，胜负又有什么价值呢？,0,网络
M565,漫画,漫画/小鸟......是无法追上飞龙的。,0,网络
M566,漫画,漫画/人总是贪婪的，就像最开始，我也只是想知道你的名字。,0,网络
M567,漫画,漫画/不要轻易的口出狂言，那样只会透露出你的软弱。,0,网络
M568,漫画,漫画/愿时光能缓，愿故人不散！,0,网络
M569,漫画,漫画/我本来不想使出这一招的,0,网络
M570,漫画,漫画/不幸的是我们等了那么多年，幸运的我们那么多年过去还一直在一起,0,网络
M571,漫画,漫画/憧憬是距离理解最遥远的感情,0,网络
M572,漫画,漫画/身为冒险者，如果安静的老死在床上，那简直就是耻辱！,0,网络
M573,漫画,漫画/爱与友情以及勇气改变不了一个人，只有受伤才能让人成长,0,网络
M574,漫画,漫画/我只是不想再失去他——哪怕是仅存在一瞬的幻影！,0,网络
M575,漫画,漫画/我的一生，无怨无悔！,0,网络
M576,漫画,漫画/小鸟......是无法追上飞龙的。,0,网络
M577,漫画,漫画/温柔正确的人总是难以生存，因为这世界既不温柔，也不正确,0,网络
M578,漫画,漫画/那天，我听到了种子破土的声音，又细微又坚定。,0,网络
M579,漫画,漫画/只有分离后才能懂的事，却没有了感慨的时间。,0,网络
M580,漫画,漫画/最最好的，与最最痛苦的，是一样的。,0,网络
M581,漫画,漫画/憧憬是距离理解最遥远的感情,0,网络
M582,漫画,漫画/我命令你，喜欢我！,0,网络
M583,漫画,漫画/其实美丽的故事都是没有结局的，只因为它没有结局所以才会美丽。,0,网络
M584,漫画,漫画/一定没有问题的！,0,网络
M585,漫画,漫画/憧憬是距离理解最遥远的感情,0,网络
M586,漫画,漫画/吾心吾行澄如明镜，所作所为皆为正义。,0,网络
M587,漫画,漫画/嗯呐......软绵绵的人偶，来治愈你们的哟。,0,网络
M588,漫画,漫画/我的一生，无怨无悔！,0,网络
M589,漫画,漫画/我爱的人也爱着我，对我来说这简直是个奇迹。,0,网络
M590,漫画,漫画/强大使人快乐。,0,网络
M591,漫画,漫画/如果不能忠于自己的心，胜负又有什么价值呢？,0,网络
M592,漫画,漫画/小鸟......是无法追上飞龙的。,0,网络
M593,漫画,漫画/吾心吾行澄如明镜，所作所为皆为正义。,0,网络
M594,漫画,漫画/人总是贪婪的，就像最开始，我也只是想知道你的名字。,0,网络
M595,漫画,漫画/人总是贪婪的，就像最开始，我也只是想知道你的名字。,0,网络
M596,漫画,漫画/吾心吾行澄如明镜，所作所为皆为正义。,0,网络
M597,漫画,漫画/我本来不想使出这一招的,0,网络
M598,漫画,漫画/我又不是因为你们的评价才去当的英雄，是因为我想当才去当的,0,网络
M599,漫画,漫画/我们是学生，学生就要有学生的样子。,0,网络
M600,漫画,漫画/失去故土的花朵，回不去，却也离不开。,0,网络
M601,漫画,漫画/我之所以想变强，是为了活得轻松写意。,0,网络
M602,漫画,漫画/小鸟......是无法追上飞龙的。,0,网络
M603,漫画,漫画/如果有一个喜欢你的人出现，一定不要凶她哦！,0,网络
M604,漫画,"漫画/爱,其实很简单，困难的是去接受它。",0,网络
M605,漫画,漫画/军人天生就舍弃了战斗的意义！,0,网络
M606,漫画,漫画/如果有一个喜欢你的人出现，一定不要凶她哦！,0,网络
M607,漫画,漫画/我只是不想再失去他——哪怕是仅存在一瞬的幻影！,0,网络
M608,漫画,漫画/强大使人快乐。,0,网络
M609,漫画,漫画/不管你说再多的慌，只有自己的内心，是无法欺骗的啊。,0,网络
M610,漫画,漫画/就算风吹散了冰雪，想念也会留存下来。,0,网络
M611,漫画,漫画/那天，我听到了种子破土的声音，又细微又坚定。,0,网络
M612,漫画,漫画/最最好的，与最最痛苦的，是一样的。,0,网络
M613,漫画,漫画/我爱的人也爱着我，对我来说这简直是个奇迹。,0,网络
M614,漫画,漫画/只有分离后才能懂的事，却没有了感慨的时间。,0,网络
M615,漫画,"漫画/爱,其实很简单，困难的是去接受它。",0,网络
M616,漫画,漫画/身为冒险者，如果安静的老死在床上，那简直就是耻辱！,0,网络
M617,漫画,漫画/我又不是因为你们的评价才去当的英雄，是因为我想当才去当的,0,网络
M618,漫画,漫画/跌跌撞撞的成长，又美又疼才是本质。,0,网络
M619,漫画,漫画/强大使人快乐。,0,网络
M620,漫画,漫画/吾心吾行澄如明镜，所作所为皆为正义。,0,网络
M621,漫画,漫画/嗯呐......软绵绵的人偶，来治愈你们的哟。,0,网络
M622,漫画,漫画/人总是贪婪的，就像最开始，我也只是想知道你的名字。,0,网络
M623,漫画,漫画/我又不是因为你们的评价才去当的英雄，是因为我想当才去当的,0,网络
M624,漫画,漫画/不敢打开信封啊。因为，打开了就结束了啊。,0,网络
M625,漫画,漫画/失去故土的花朵，回不去，却也离不开。,0,网络
M626,漫画,漫画/我爱的人也爱着我，对我来说这简直是个奇迹。,0,网络
M627,漫画,漫画/任尘世繁华，唯有守护你的一切，才是我此生唯一的使命。,0,网络
M628,漫画,漫画/我命令你，喜欢我！,0,网络
M629,漫画,漫画/孤独的人不会伤害别人，只会不断地伤害自己罢了。,0,网络
M630,漫画,漫画/两个人从监狱的窗户往外看，一个看见了土地，一个看见了星星。,0,网络
M631,漫画,漫画/军人天生就舍弃了战斗的意义！,0,网络
M632,漫画,漫画/我们的学生会长，比高达还强。,0,网络
M633,漫画,漫画/我的一生，无怨无悔！,0,网络
M634,漫画,漫画/一起去看星星吧。,0,网络
M635,漫画,漫画/末将于禁，愿为曹家世代赴汤蹈火。,0,网络
M636,漫画,漫画/我今天就是要带她走，我看哪个敢拦我。,0,网络
M637,漫画,漫画/越是困难，越要抬起头，地上可找不到任何希望！,0,网络
M638,漫画,漫画/憧憬，是距离了解最遥远的一种感情。,0,网络
M639,漫画,漫画/此时此刻的咱啊，能和汝在一起，是最幸福的了。,0,网络
M640,漫画,漫画/跌跌撞撞的成长，又美又疼才是本质。,0,网络
M641,漫画,漫画/不管你说再多的慌，只有自己的内心，是无法欺骗的啊。,0,网络
M642,漫画,漫画/其实美丽的故事都是没有结局的，只因为它没有结局所以才会美丽。,0,网络
M643,漫画,漫画/最最好的，与最最痛苦的，是一样的。,0,网络
M644,漫画,漫画/最最好的，与最最痛苦的，是一样的。,0,网络
M645,漫画,漫画/孤独的人不会伤害别人，只会不断地伤害自己罢了。,0,网络
M646,漫画,漫画/小鸟......是无法追上飞龙的。,0,网络
M647,漫画,漫画/愿时光能缓，愿故人不散！,0,网络
M648,漫画,漫画/我本来不想使出这一招的,0,网络
M649,漫画,漫画/最最好的，与最最痛苦的，是一样的。,0,网络
M650,漫画,漫画/小鸟......是无法追上飞龙的。,0,网络
M651,漫画,漫画/不敢打开信封啊。因为，打开了就结束了啊。,0,网络
M652,漫画,漫画/身为冒险者，如果安静的老死在床上，那简直就是耻辱！,0,网络
M653,漫画,漫画/吾心吾行澄如明镜，所作所为皆为正义。,0,网络
M654,漫画,漫画/孤独的人不会伤害别人，只会不断地伤害自己罢了。,0,网络
M655,漫画,漫画/憧憬，是距离了解最遥远的一种感情。,0,网络
M656,漫画,漫画/和你们这些少爷不同，我们光是活着就竭尽全力了。,0,网络
M657,漫画,漫画/末将于禁，愿为曹家世代赴汤蹈火。,0,网络
M658,漫画,漫画/孤独的人不会伤害别人，只会不断地伤害自己罢了。,0,网络
M659,漫画,漫画/是不是现在踏出这一步，下决定的是他。,0,网络
M660,漫画,漫画/强大使人快乐。,0,网络
M661,漫画,漫画/军人天生就舍弃了战斗的意义！,0,网络
M662,漫画,漫画/爱与友情以及勇气改变不了一个人，只有受伤才能让人成长,0,网络
M663,漫画,漫画/是不是现在踏出这一步，下决定的是他。,0,网络
M664,漫画,漫画/我只是不想再失去他——哪怕是仅存在一瞬的幻影！,0,网络
M665,漫画,漫画/我们的学生会长，比高达还强。,0,网络
M666,漫画,漫画/越是困难，越要抬起头，地上可找不到任何希望！,0,网络
M667,漫画,漫画/憧憬，是距离了解最遥远的一种感情。,0,网络
M668,漫画,漫画/强大使人快乐。,0,网络
M669,漫画,漫画/跌跌撞撞的成长，又美又疼才是本质。,0,网络
M670,漫画,漫画/一起去看星星吧。,0,网络
M671,漫画,漫画/我只是不想再失去他——哪怕是仅存在一瞬的幻影！,0,网络
M672,漫画,漫画/我命令你，喜欢我！,0,网络
M673,漫画,漫画/孤独的人不会伤害别人，只会不断地伤害自己罢了。,0,网络
M674,漫画,漫画/我又不是因为你们的评价才去当的英雄，是因为我想当才去当的,0,网络
M675,漫画,漫画/猫是可爱的，狼是很帅的。就是说，孤独又可爱又帅。,0,网络
M676,漫画,漫画/我又不是因为你们的评价才去当的英雄，是因为我想当才去当的,0,网络
M677,漫画,漫画/我又不是因为你们的评价才去当的英雄，是因为我想当才去当的,0,网络
M678,漫画,漫画/强大使人快乐。,0,网络
M679,漫画,漫画/吾心吾行澄如明镜，所作所为皆为正义。,0,网络
M680,漫画,漫画/军人天生就舍弃了战斗的意义！,0,网络
M681,漫画,漫画/我今天就是要带她走，我看哪个敢拦我。,0,网络
M682,漫画,漫画/我又不是因为你们的评价才去当的英雄，是因为我想当才去当的,0,网络
M683,漫画,漫画/今后无论发生什么事也好，这个左手上的⋯⋯都是同伴的记号！,0,网络
M684,漫画,漫画/爱与友情以及勇气改变不了一个人，只有受伤才能让人成长,0,网络
M685,漫画,漫画/和你们这些少爷不同，我们光是活着就竭尽全力了。,0,网络
M686,漫画,漫画/富江有天使的脸孔，但其实她是个恶魔，不，恶魔也比她要好一点。,0,网络
M687,漫画,漫画/最最好的，与最最痛苦的，是一样的。,0,网络
M688,漫画,漫画/我命令你，喜欢我！,0,网络
M689,漫画,漫画/孤独的人不会伤害别人，只会不断地伤害自己罢了。,0,网络
M690,漫画,"漫画/爱,其实很简单，困难的是去接受它。",0,网络
M691,漫画,漫画/吾心吾行澄如明镜，所作所为皆为正义。,0,网络
M692,漫画,漫画/失去故土的花朵，回不去，却也离不开。,0,网络
M693,漫画,"漫画/爱,其实很简单，困难的是去接受它。",0,网络
M694,漫画,漫画/跌跌撞撞的成长，又美又疼才是本质。,0,网络
M695,漫画,漫画/不要轻易的口出狂言，那样只会透露出你的软弱。,0,网络
M696,漫画,漫画/最最好的，与最最痛苦的，是一样的。,0,网络
M697,漫画,漫画/我和你，可以做朋友吗？,0,网络
M698,漫画,漫画/我和你，可以做朋友吗？,0,网络
M699,漫画,漫画/我又不是因为你们的评价才去当的英雄，是因为我想当才去当的,0,网络
M700,漫画,漫画/人总是贪婪的，就像最开始，我也只是想知道你的名字。,0,网络
M701,漫画,漫画/越是困难，越要抬起头，地上可找不到任何希望！,0,网络
M702,漫画,漫画/那天，我听到了种子破土的声音，又细微又坚定。,0,网络
M703,漫画,漫画/和你们这些少爷不同，我们光是活着就竭尽全力了。,0,网络
M704,漫画,漫画/一起去看星星吧。,0,网络
M705,漫画,漫画/末将于禁，愿为曹家世代赴汤蹈火。,0,网络
M706,漫画,漫画/我的一生，无怨无悔！,0,网络
M707,漫画,漫画/就算风吹散了冰雪，想念也会留存下来。,0,网络
M708,漫画,漫画/是不是现在踏出这一步，下决定的是他。,0,网络
M709,漫画,漫画/富江有天使的脸孔，但其实她是个恶魔，不，恶魔也比她要好一点。,0,网络
M710,漫画,漫画/不要轻易的口出狂言，那样只会透露出你的软弱。,0,网络
M711,漫画,漫画/不管你说再多的慌，只有自己的内心，是无法欺骗的啊。,0,网络
M712,漫画,漫画/你为了你的正义，我为了我的正义。,0,网络
M713,漫画,漫画/爱与友情以及勇气改变不了一个人，只有受伤才能让人成长,0,网络
M714,漫画,漫画/任尘世繁华，唯有守护你的一切，才是我此生唯一的使命。,0,网络
M715,漫画,漫画/不要轻易的口出狂言，那样只会透露出你的软弱。,0,网络
M716,漫画,漫画/愿时光能缓，愿故人不散！,0,网络
M717,漫画,漫画/身为冒险者，如果安静的老死在床上，那简直就是耻辱！,0,网络
M718,漫画,漫画/我的一生，无怨无悔！,0,网络
M719,漫画,漫画/我和你，可以做朋友吗？,0,网络
M720,漫画,漫画/我又不是因为你们的评价才去当的英雄，是因为我想当才去当的,0,网络
M721,漫画,漫画/我爱的人也爱着我，对我来说这简直是个奇迹。,0,网络
M722,漫画,漫画/越是困难，越要抬起头，地上可找不到任何希望！,0,网络
M723,漫画,漫画/不敢打开信封啊。因为，打开了就结束了啊。,0,网络
M724,漫画,漫画/是不是现在踏出这一步，下决定的是他。,0,网络
M725,漫画,漫画/不幸的是我们等了那么多年，幸运的我们那么多年过去还一直在一起,0,网络
M726,漫画,"漫画/爱,其实很简单，困难的是去接受它。",0,网络
M727,漫画,漫画/我又不是因为你们的评价才去当的英雄，是因为我想当才去当的,0,网络
M728,漫画,漫画/强大使人快乐。,0,网络
M729,漫画,漫画/不要轻易的口出狂言，那样只会透露出你的软弱。,0,网络
M730,漫画,漫画/爱与友情以及勇气改变不了一个人，只有受伤才能让人成长,0,网络
M731,漫画,漫画/身为冒险者，如果安静的老死在床上，那简直就是耻辱！,0,网络
M732,漫画,漫画/是不是现在踏出这一步，下决定的是他。,0,网络
M733,漫画,漫画/就算风吹散了冰雪，想念也会留存下来。,0,网络
M734,漫画,漫画/不管你说再多的慌，只有自己的内心，是无法欺骗的啊。,0,网络
M735,漫画,漫画/我本来不想使出这一招的,0,网络
M736,漫画,漫画/跌跌撞撞的成长，又美又疼才是本质。,0,网络
M737,漫画,漫画/富江有天使的脸孔，但其实她是个恶魔，不，恶魔也比她要好一点。,0,网络
M738,漫画,漫画/人，百年一世；龙，百年一岁。君生吾已老，君未变，而吾已老。,0,网络
M739,漫画,漫画/小鸟......是无法追上飞龙的。,0,网络
M740,漫画,漫画/和你们这些少爷不同，我们光是活着就竭尽全力了。,0,网络
M741,漫画,漫画/憧憬，是距离了解最遥远的一种感情。,0,网络
M742,漫画,漫画/吾心吾行澄如明镜，所作所为皆为正义。,0,网络
M743,漫画,漫画/我只是不想再失去他——哪怕是仅存在一瞬的幻影！,0,网络
M744,漫画,漫画/不要太小看人类了！,0,网络
M745,漫画,漫画/我命令你，喜欢我！,0,网络
M746,漫画,漫画/今后无论发生什么事也好，这个左手上的⋯⋯都是同伴的记号！,0,网络
M747,漫画,漫画/那天，我听到了种子破土的声音，又细微又坚定。,0,网络
M748,漫画,漫画/温柔正确的人总是难以生存，因为这世界既不温柔，也不正确,0,网络
M749,漫画,漫画/小鸟......是无法追上飞龙的。,0,网络
M750,漫画,漫画/和你们这些少爷不同，我们光是活着就竭尽全力了。,0,网络
M751,漫画,漫画/如果不能忠于自己的心，胜负又有什么价值呢？,0,网络
M752,漫画,漫画/不管你说再多的慌，只有自己的内心，是无法欺骗的啊。,0,网络
M753,漫画,漫画/我只是不想再失去他——哪怕是仅存在一瞬的幻影！,0,网络
M754,漫画,漫画/那天，我听到了种子破土的声音，又细微又坚定。,0,网络
M755,漫画,漫画/末将于禁，愿为曹家世代赴汤蹈火。,0,网络
M756,漫画,漫画/我又不是因为你们的评价才去当的英雄，是因为我想当才去当的,0,网络
M757,漫画,漫画/孤独的人不会伤害别人，只会不断地伤害自己罢了。,0,网络
M758,漫画,漫画/我又不是因为你们的评价才去当的英雄，是因为我想当才去当的,0,网络
M759,漫画,漫画/愿时光能缓，愿故人不散！,0,网络
M760,漫画,漫画/愿时光能缓，愿故人不散！,0,网络
M761,漫画,漫画/温柔正确的人总是难以生存，因为这世界既不温柔，也不正确,0,网络
M762,漫画,漫画/憧憬，是距离了解最遥远的一种感情。,0,网络
M763,漫画,漫画/我之所以想变强，是为了活得轻松写意。,0,网络
M764,漫画,漫画/我爱的人也爱着我，对我来说这简直是个奇迹。,0,网络
M765,漫画,漫画/我们是学生，学生就要有学生的样子。,0,网络
M766,漫画,漫画/我又不是因为你们的评价才去当的英雄，是因为我想当才去当的,0,网络
M767,漫画,漫画/人，百年一世；龙，百年一岁。君生吾已老，君未变，而吾已老。,0,网络
M768,漫画,漫画/我命令你，喜欢我！,0,网络
M769,漫画,漫画/我们的学生会长，比高达还强。,0,网络
M770,漫画,漫画/最最好的，与最最痛苦的，是一样的。,0,网络
M771,漫画,漫画/一起去看星星吧。,0,网络
M772,漫画,漫画/军人天生就舍弃了战斗的意义！,0,网络
M773,漫画,漫画/不幸的是我们等了那么多年，幸运的我们那么多年过去还一直在一起,0,网络
M774,漫画,漫画/最最好的，与最最痛苦的，是一样的。,0,网络
M775,漫画,漫画/我又不是因为你们的评价才去当的英雄，是因为我想当才去当的,0,网络
M776,漫画,漫画/我又不是因为你们的评价才去当的英雄，是因为我想当才去当的,0,网络
M777,漫画,漫画/孤独的人不会伤害别人，只会不断地伤害自己罢了。,0,网络
M778,漫画,漫画/末将于禁，愿为曹家世代赴汤蹈火。,0,网络
M779,漫画,漫画/我又不是因为你们的评价才去当的英雄，是因为我想当才去当的,0,网络
M780,漫画,漫画/最最好的，与最最痛苦的，是一样的。,0,网络
M781,漫画,漫画/身为冒险者，如果安静的老死在床上，那简直就是耻辱！,0,网络
M782,漫画,漫画/那天，我听到了种子破土的声音，又细微又坚定。,0,网络
M783,漫画,漫画/身为冒险者，如果安静的老死在床上，那简直就是耻辱！,0,网络
M784,漫画,漫画/那天，我听到了种子破土的声音，又细微又坚定。,0,网络
M785,漫画,漫画/其实美丽的故事都是没有结局的，只因为它没有结局所以才会美丽。,0,网络
M786,漫画,漫画/我之所以想变强，是为了活得轻松写意。,0,网络
M787,漫画,漫画/今后无论发生什么事也好，这个左手上的⋯⋯都是同伴的记号！,0,网络
M788,漫画,"漫画/爱,其实很简单，困难的是去接受它。",0,网络
M789,漫画,漫画/不要轻易的口出狂言，那样只会透露出你的软弱。,0,网络
M790,漫画,漫画/不幸的是我们等了那么多年，幸运的我们那么多年过去还一直在一起,0,网络
M791,漫画,漫画/那天，我听到了种子破土的声音，又细微又坚定。,0,网络
M792,漫画,漫画/爱与友情以及勇气改变不了一个人，只有受伤才能让人成长,0,网络
M793,漫画,漫画/我只是不想再失去他——哪怕是仅存在一瞬的幻影！,0,网络
M794,漫画,漫画/吾心吾行澄如明镜，所作所为皆为正义。,0,网络
M795,漫画,漫画/不要太小看人类了！,0,网络
M796,漫画,"漫画/爱,其实很简单，困难的是去接受它。",0,网络
M797,漫画,漫画/我又不是因为你们的评价才去当的英雄，是因为我想当才去当的,0,网络
M798,漫画,漫画/我的一生，无怨无悔！,0,网络
M799,漫画,漫画/我们是学生，学生就要有学生的样子。,0,网络
M800,漫画,漫画/憧憬是距离理解最遥远的感情,0,网络
M801,漫画,漫画/我只是不想再失去他——哪怕是仅存在一瞬的幻影！,0,网络
M802,漫画,漫画/你为了你的正义，我为了我的正义。,0,网络
M803,漫画,漫画/如果有一个喜欢你的人出现，一定不要凶她哦！,0,网络
M804,漫画,漫画/你为了你的正义，我为了我的正义。,0,网络
M805,漫画,漫画/强大使人快乐。,0,网络
M806,漫画,漫画/猫是可爱的，狼是很帅的。就是说，孤独又可爱又帅。,0,网络
M807,漫画,漫画/不要太小看人类了！,0,网络
M808,漫画,漫画/不敢打开信封啊。因为，打开了就结束了啊。,0,网络
M809,漫画,漫画/军人天生就舍弃了战斗的意义！,0,网络
M810,漫画,漫画/那天，我听到了种子破土的声音，又细微又坚定。,0,网络
M811,漫画,漫画/身为冒险者，如果安静的老死在床上，那简直就是耻辱！,0,网络
M812,漫画,漫画/是不是现在踏出这一步，下决定的是他。,0,网络
M813,漫画,漫画/不要轻易的口出狂言，那样只会透露出你的软弱。,0,网络
M814,漫画,漫画/两个人从监狱的窗户往外看，一个看见了土地，一个看见了星星。,0,网络
M815,漫画,"漫画/爱,其实很简单，困难的是去接受它。",0,网络
M816,漫画,漫画/憧憬，是距离了解最遥远的一种感情。,0,网络
M817,漫画,漫画/我只是不想再失去他——哪怕是仅存在一瞬的幻影！,0,网络
M818,漫画,漫画/其实美丽的故事都是没有结局的，只因为它没有结局所以才会美丽。,0,网络
M819,漫画,漫画/身为冒险者，如果安静的老死在床上，那简直就是耻辱！,0,网络
M820,漫画,漫画/我和你，可以做朋友吗？,0,网络
M821,漫画,漫画/我的一生，无怨无悔！,0,网络
M822,漫画,漫画/不要轻易的口出狂言，那样只会透露出你的软弱。,0,网络
M823,漫画,漫画/我今天就是要带她走，我看哪个敢拦我。,0,网络
M824,漫画,漫画/如果不能忠于自己的心，胜负又有什么价值呢？,0,网络
M825,漫画,漫画/不要轻易的口出狂言，那样只会透露出你的软弱。,0,网络
M826,漫画,漫画/其实美丽的故事都是没有结局的，只因为它没有结局所以才会美丽。,0,网络
M827,漫画,漫画/只有分离后才能懂的事，却没有了感慨的时间。,0,网络
M828,漫画,漫画/憧憬是距离理解最遥远的感情,0,网络
M829,漫画,漫画/吾心吾行澄如明镜，所作所为皆为正义。,0,网络
M830,漫画,漫画/如果不能忠于自己的心，胜负又有什么价值呢？,0,网络
M831,漫画,漫画/是不是现在踏出这一步，下决定的是他。,0,网络
M832,漫画,漫画/憧憬，是距离了解最遥远的一种感情。,0,网络
M833,漫画,漫画/只有分离后才能懂的事，却没有了感慨的时间。,0,网络
M834,漫画,漫画/猫是可爱的，狼是很帅的。就是说，孤独又可爱又帅。,0,网络
M835,漫画,漫画/我们是学生，学生就要有学生的样子。,0,网络
M836,漫画,漫画/愿时光能缓，愿故人不散！,0,网络
M837,漫画,漫画/小鸟......是无法追上飞龙的。,0,网络
M838,漫画,漫画/我爱的人也爱着我，对我来说这简直是个奇迹。,0,网络
M839,漫画,漫画/如果不能忠于自己的心，胜负又有什么价值呢？,0,网络
M840,漫画,漫画/我命令你，喜欢我！,0,网络
M841,漫画,漫画/我又不是因为你们的评价才去当的英雄，是因为我想当才去当的,0,网络
M842,漫画,漫画/和你们这些少爷不同，我们光是活着就竭尽全力了。,0,网络
M843,漫画,漫画/今后无论发生什么事也好，这个左手上的⋯⋯都是同伴的记号！,0,网络
M844,漫画,漫画/吾心吾行澄如明镜，所作所为皆为正义。,0,网络
M845,漫画,漫画/军人天生就舍弃了战斗的意义！,0,网络
M846,漫画,漫画/我的一生，无怨无悔！,0,网络
M847,漫画,漫画/军人天生就舍弃了战斗的意义！,0,网络
M848,漫画,漫画/温柔正确的人总是难以生存，因为这世界既不温柔，也不正确,0,网络
M849,漫画,漫画/任尘世繁华，唯有守护你的一切，才是我此生唯一的使命。,0,网络
M850,漫画,漫画/和你们这些少爷不同，我们光是活着就竭尽全力了。,0,网络
M851,漫画,漫画/人，百年一世；龙，百年一岁。君生吾已老，君未变，而吾已老。,0,网络
M852,漫画,漫画/不管你说再多的慌，只有自己的内心，是无法欺骗的啊。,0,网络
M853,漫画,漫画/就算风吹散了冰雪，想念也会留存下来。,0,网络
M854,漫画,漫画/不管你说再多的慌，只有自己的内心，是无法欺骗的啊。,0,网络
M855,漫画,漫画/身为冒险者，如果安静的老死在床上，那简直就是耻辱！,0,网络
M856,漫画,漫画/你为了你的正义，我为了我的正义。,0,网络
M857,漫画,漫画/不敢打开信封啊。因为，打开了就结束了啊。,0,网络
M858,漫画,漫画/我今天就是要带她走，我看哪个敢拦我。,0,网络
M859,漫画,"漫画/爱,其实很简单，困难的是去接受它。",0,网络
M860,漫画,漫画/今后无论发生什么事也好，这个左手上的⋯⋯都是同伴的记号！,0,网络
M861,漫画,漫画/不要轻易的口出狂言，那样只会透露出你的软弱。,0,网络
M862,漫画,漫画/和你们这些少爷不同，我们光是活着就竭尽全力了。,0,网络
M863,漫画,漫画/不管你说再多的慌，只有自己的内心，是无法欺骗的啊。,0,网络
M864,漫画,漫画/和你们这些少爷不同，我们光是活着就竭尽全力了。,0,网络
M865,漫画,漫画/不要太小看人类了！,0,网络
M866,漫画,漫画/是不是现在踏出这一步，下决定的是他。,0,网络
M867,漫画,漫画/今后无论发生什么事也好，这个左手上的⋯⋯都是同伴的记号！,0,网络
M868,漫画,漫画/憧憬是距离理解最遥远的感情,0,网络
M869,漫画,"漫画/爱,其实很简单，困难的是去接受它。",0,网络
M870,漫画,漫画/我和你，可以做朋友吗？,0,网络
M871,漫画,漫画/小鸟......是无法追上飞龙的。,0,网络
M872,漫画,漫画/我又不是因为你们的评价才去当的英雄，是因为我想当才去当的,0,网络
M873,漫画,漫画/孤独的人不会伤害别人，只会不断地伤害自己罢了。,0,网络
M874,漫画,漫画/一定没有问题的！,0,网络
M875,漫画,漫画/如果有一个喜欢你的人出现，一定不要凶她哦！,0,网络
M876,漫画,漫画/越是困难，越要抬起头，地上可找不到任何希望！,0,网络
M877,漫画,漫画/憧憬是距离理解最遥远的感情,0,网络
M878,漫画,漫画/我之所以想变强，是为了活得轻松写意。,0,网络
M879,漫画,漫画/小鸟......是无法追上飞龙的。,0,网络
M880,漫画,漫画/就算风吹散了冰雪，想念也会留存下来。,0,网络
M881,漫画,漫画/我命令你，喜欢我！,0,网络
M882,漫画,漫画/我之所以想变强，是为了活得轻松写意。,0,网络
M883,漫画,漫画/爱与友情以及勇气改变不了一个人，只有受伤才能让人成长,0,网络
M884,漫画,漫画/一起去看星星吧。,0,网络
M885,漫画,漫画/我命令你，喜欢我！,0,网络
M886,漫画,漫画/愿时光能缓，愿故人不散！,0,网络
M887,漫画,漫画/最最好的，与最最痛苦的，是一样的。,0,网络
M888,漫画,漫画/我的一生，无怨无悔！,0,网络
M889,漫画,漫画/我命令你，喜欢我！,0,网络
M890,漫画,漫画/强大使人快乐。,0,网络
M891,漫画,漫画/我今天就是要带她走，我看哪个敢拦我。,0,网络
M892,漫画,漫画/我们是学生，学生就要有学生的样子。,0,网络
M893,漫画,漫画/那天，我听到了种子破土的声音，又细微又坚定。,0,网络
M894,漫画,漫画/一起去看星星吧。,0,网络
M895,漫画,漫画/身为冒险者，如果安静的老死在床上，那简直就是耻辱！,0,网络
M896,漫画,漫画/今后无论发生什么事也好，这个左手上的⋯⋯都是同伴的记号！,0,网络
M897,漫画,漫画/我又不是因为你们的评价才去当的英雄，是因为我想当才去当的,0,网络
M898,漫画,漫画/强大使人快乐。,0,网络
M899,漫画,漫画/只有分离后才能懂的事，却没有了感慨的时间。,0,网络
M900,漫画,漫画/如果不能忠于自己的心，胜负又有什么价值呢？,0,网络
M901,漫画,漫画/富江有天使的脸孔，但其实她是个恶魔，不，恶魔也比她要好一点。,0,网络
M902,漫画,漫画/憧憬是距离理解最遥远的感情,0,网络
M903,漫画,漫画/温柔正确的人总是难以生存，因为这世界既不温柔，也不正确,0,网络
M904,漫画,漫画/我又不是因为你们的评价才去当的英雄，是因为我想当才去当的,0,网络
M905,漫画,漫画/我的一生，无怨无悔！,0,网络
M906,漫画,漫画/我和你，可以做朋友吗？,0,网络
M907,漫画,漫画/憧憬，是距离了解最遥远的一种感情。,0,网络
M908,漫画,漫画/我又不是因为你们的评价才去当的英雄，是因为我想当才去当的,0,网络
M909,漫画,漫画/小鸟......是无法追上飞龙的。,0,网络
M910,漫画,漫画/跌跌撞撞的成长，又美又疼才是本质。,0,网络
M911,漫画,漫画/和你们这些少爷不同，我们光是活着就竭尽全力了。,0,网络
M912,漫画,漫画/吾心吾行澄如明镜，所作所为皆为正义。,0,网络
M913,漫画,漫画/强大使人快乐。,0,网络
M914,漫画,漫画/就算风吹散了冰雪，想念也会留存下来。,0,网络
M915,漫画,漫画/爱与友情以及勇气改变不了一个人，只有受伤才能让人成长,0,网络
M916,漫画,漫画/你为了你的正义，我为了我的正义。,0,网络
M917,漫画,漫画/你为了你的正义，我为了我的正义。,0,网络
M918,漫画,漫画/不要太小看人类了！,0,网络
M919,漫画,漫画/人总是贪婪的，就像最开始，我也只是想知道你的名字。,0,网络
M920,漫画,漫画/我们的学生会长，比高达还强。,0,网络
M921,漫画,漫画/末将于禁，愿为曹家世代赴汤蹈火。,0,网络
M922,漫画,漫画/小鸟......是无法追上飞龙的。,0,网络
M923,漫画,漫画/我命令你，喜欢我！,0,网络
M924,漫画,漫画/那天，我听到了种子破土的声音，又细微又坚定。,0,网络
M925,漫画,漫画/军人天生就舍弃了战斗的意义！,0,网络
M926,漫画,漫画/越是困难，越要抬起头，地上可找不到任何希望！,0,网络
M927,漫画,漫画/不幸的是我们等了那么多年，幸运的我们那么多年过去还一直在一起,0,网络
M928,漫画,漫画/不敢打开信封啊。因为，打开了就结束了啊。,0,网络
M929,漫画,漫画/越是困难，越要抬起头，地上可找不到任何希望！,0,网络
M930,漫画,漫画/今后无论发生什么事也好，这个左手上的⋯⋯都是同伴的记号！,0,网络
M931,漫画,漫画/如果不能忠于自己的心，胜负又有什么价值呢？,0,网络
M932,漫画,漫画/小鸟......是无法追上飞龙的。,0,网络
M933,漫画,漫画/你为了你的正义，我为了我的正义。,0,网络
M934,漫画,漫画/是不是现在踏出这一步，下决定的是他。,0,网络
M935,漫画,漫画/身为冒险者，如果安静的老死在床上，那简直就是耻辱！,0,网络
M936,漫画,漫画/一定没有问题的！,0,网络
M937,漫画,漫画/小鸟......是无法追上飞龙的。,0,网络
M938,漫画,漫画/军人天生就舍弃了战斗的意义！,0,网络
M939,漫画,漫画/我们的学生会长，比高达还强。,0,网络
M940,漫画,漫画/富江有天使的脸孔，但其实她是个恶魔，不，恶魔也比她要好一点。,0,网络
M941,漫画,"漫画/爱,其实很简单，困难的是去接受它。",0,网络
M942,漫画,漫画/你为了你的正义，我为了我的正义。,0,网络
M943,漫画,漫画/憧憬，是距离了解最遥远的一种感情。,0,网络
M944,漫画,漫画/爱与友情以及勇气改变不了一个人，只有受伤才能让人成长,0,网络
M945,漫画,漫画/一定没有问题的！,0,网络
M946,漫画,漫画/此时此刻的咱啊，能和汝在一起，是最幸福的了。,0,网络
M947,漫画,漫画/我本来不想使出这一招的,0,网络
M948,漫画,漫画/是不是现在踏出这一步，下决定的是他。,0,网络
M949,漫画,漫画/我又不是因为你们的评价才去当的英雄，是因为我想当才去当的,0,网络
M950,漫画,漫画/我爱的人也爱着我，对我来说这简直是个奇迹。,0,网络
M951,漫画,漫画/就算风吹散了冰雪，想念也会留存下来。,0,网络
M952,漫画,漫画/军人天生就舍弃了战斗的意义！,0,网络
M953,漫画,漫画/如果不能忠于自己的心，胜负又有什么价值呢？,0,网络
M954,漫画,漫画/如果不能忠于自己的心，胜负又有什么价值呢？,0,网络
M955,漫画,漫画/我们的学生会长，比高达还强。,0,网络
M956,漫画,漫画/最最好的，与最最痛苦的，是一样的。,0,网络
M957,漫画,漫画/我和你，可以做朋友吗？,0,网络
M958,漫画,漫画/任尘世繁华，唯有守护你的一切，才是我此生唯一的使命。,0,网络
M959,漫画,漫画/如果不能忠于自己的心，胜负又有什么价值呢？,0,网络
M960,漫画,漫画/我爱的人也爱着我，对我来说这简直是个奇迹。,0,网络
M961,漫画,漫画/最最好的，与最最痛苦的，是一样的。,0,网络
M962,漫画,"漫画/爱,其实很简单，困难的是去接受它。",0,网络
M963,漫画,漫画/我本来不想使出这一招的,0,网络
M964,漫画,漫画/我又不是因为你们的评价才去当的英雄，是因为我想当才去当的,0,网络
M965,漫画,漫画/富江有天使的脸孔，但其实她是个恶魔，不，恶魔也比她要好一点。,0,网络
M966,漫画,漫画/我又不是因为你们的评价才去当的英雄，是因为我想当才去当的,0,网络
M967,漫画,漫画/我又不是因为你们的评价才去当的英雄，是因为我想当才去当的,0,网络
M968,漫画,漫画/两个人从监狱的窗户往外看，一个看见了土地，一个看见了星星。,0,网络
M969,漫画,漫画/嗯呐......软绵绵的人偶，来治愈你们的哟。,0,网络
M970,漫画,漫画/今后无论发生什么事也好，这个左手上的⋯⋯都是同伴的记号！,0,网络
M971,漫画,漫画/小鸟......是无法追上飞龙的。,0,网络
M972,漫画,漫画/末将于禁，愿为曹家世代赴汤蹈火。,0,网络
M973,漫画,漫画/我和你，可以做朋友吗？,0,网络
M974,漫画,漫画/今后无论发生什么事也好，这个左手上的⋯⋯都是同伴的记号！,0,网络
M975,漫画,漫画/我们的学生会长，比高达还强。,0,网络
M976,漫画,漫画/最最好的，与最最痛苦的，是一样的。,0,网络
M977,漫画,漫画/那天，我听到了种子破土的声音，又细微又坚定。,0,网络
M978,漫画,漫画/那天，我听到了种子破土的声音，又细微又坚定。,0,网络
M979,漫画,漫画/你为了你的正义，我为了我的正义。,0,网络
M980,漫画,漫画/我们的学生会长，比高达还强。,0,网络
M981,漫画,漫画/不幸的是我们等了那么多年，幸运的我们那么多年过去还一直在一起,0,网络
M982,漫画,漫画/强大使人快乐。,0,网络
M983,漫画,漫画/我们是学生，学生就要有学生的样子。,0,网络
M984,漫画,漫画/孤独的人不会伤害别人，只会不断地伤害自己罢了。,0,网络
M985,漫画,漫画/越是困难，越要抬起头，地上可找不到任何希望！,0,网络
M986,漫画,漫画/那天，我听到了种子破土的声音，又细微又坚定。,0,网络
M987,漫画,漫画/末将于禁，愿为曹家世代赴汤蹈火。,0,网络
M988,漫画,漫画/你为了你的正义，我为了我的正义。,0,网络
M989,漫画,漫画/不要太小看人类了！,0,网络
M990,漫画,漫画/人总是贪婪的，就像最开始，我也只是想知道你的名字。,0,网络
M991,漫画,漫画/越是困难，越要抬起头，地上可找不到任何希望！,0,网络
M992,漫画,漫画/跌跌撞撞的成长，又美又疼才是本质。,0,网络
M993,漫画,漫画/不管你说再多的慌，只有自己的内心，是无法欺骗的啊。,0,网络
M994,漫画,漫画/和你们这些少爷不同，我们光是活着就竭尽全力了。,0,网络
M995,漫画,漫画/军人天生就舍弃了战斗的意义！,0,网络
M996,漫画,漫画/和你们这些少爷不同，我们光是活着就竭尽全力了。,0,网络
M997,漫画,漫画/如果有一个喜欢你的人出现，一定不要凶她哦！,0,网络
M998,漫画,漫画/强大使人快乐。,0,网络
M999,漫画,漫画/我只是不想再失去他——哪怕是仅存在一瞬的幻影！,0,网络
M1000,漫画,漫画/军人天生就舍弃了战斗的意义！,0,网络
M1001,漫画,漫画/今后无论发生什么事也好，这个左手上的⋯⋯都是同伴的记号！,0,网络
M1002,漫画,漫画/失去故土的花朵，回不去，却也离不开。,0,网络
M1003,漫画,漫画/我命令你，喜欢我！,0,网络
M1004,漫画,漫画/不幸的是我们等了那么多年，幸运的我们那么多年过去还一直在一起,0,网络
M1005,漫画,漫画/我的一生，无怨无悔！,0,网络
M1006,漫画,漫画/末将于禁，愿为曹家世代赴汤蹈火。,0,网络
M1007,漫画,漫画/今后无论发生什么事也好，这个左手上的⋯⋯都是同伴的记号！,0,网络
M1008,漫画,漫画/一定没有问题的！,0,网络
M1009,漫画,漫画/强大使人快乐。,0,网络
M1010,漫画,漫画/人，百年一世；龙，百年一岁。君生吾已老，君未变，而吾已老。,0,网络
M1011,漫画,漫画/愿时光能缓，愿故人不散！,0,网络
M1012,漫画,漫画/就算风吹散了冰雪，想念也会留存下来。,0,网络
M1013,漫画,漫画/最最好的，与最最痛苦的，是一样的。,0,网络
M1014,漫画,漫画/吾心吾行澄如明镜，所作所为皆为正义。,0,网络
M1015,漫画,漫画/我又不是因为你们的评价才去当的英雄，是因为我想当才去当的,0,网络
M1016,漫画,漫画/人，百年一世；龙，百年一岁。君生吾已老，君未变，而吾已老。,0,网络
M1017,漫画,漫画/今后无论发生什么事也好，这个左手上的⋯⋯都是同伴的记号！,0,网络
M1018,漫画,漫画/失去故土的花朵，回不去，却也离不开。,0,网络
M1019,漫画,漫画/我爱的人也爱着我，对我来说这简直是个奇迹。,0,网络
M1020,漫画,漫画/愿时光能缓，愿故人不散！,0,网络
M1021,漫画,漫画/愿时光能缓，愿故人不散！,0,网络
M1022,漫画,漫画/越是困难，越要抬起头，地上可找不到任何希望！,0,网络
M1023,漫画,漫画/最最好的，与最最痛苦的，是一样的。,0,网络
M1024,漫画,漫画/我和你，可以做朋友吗？,0,网络
M1025,漫画,漫画/此时此刻的咱啊，能和汝在一起，是最幸福的了。,0,网络
M1026,漫画,漫画/是不是现在踏出这一步，下决定的是他。,0,网络
M1027,漫画,漫画/富江有天使的脸孔，但其实她是个恶魔，不，恶魔也比她要好一点。,0,网络
M1028,漫画,漫画/任尘世繁华，唯有守护你的一切，才是我此生唯一的使命。,0,网络
M1029,漫画,漫画/我们是学生，学生就要有学生的样子。,0,网络
M1030,漫画,漫画/孤独的人不会伤害别人，只会不断地伤害自己罢了。,0,网络
M1031,漫画,漫画/小鸟......是无法追上飞龙的。,0,网络
M1032,漫画,漫画/失去故土的花朵，回不去，却也离不开。,0,网络
M1033,漫画,漫画/只有分离后才能懂的事，却没有了感慨的时间。,0,网络
M1034,漫画,漫画/不敢打开信封啊。因为，打开了就结束了啊。,0,网络
M1035,漫画,漫画/末将于禁，愿为曹家世代赴汤蹈火。,0,网络
M1036,漫画,漫画/不要太小看人类了！,0,网络
M1037,漫画,漫画/我只是不想再失去他——哪怕是仅存在一瞬的幻影！,0,网络
M1038,漫画,漫画/我命令你，喜欢我！,0,网络
M1039,漫画,漫画/如果有一个喜欢你的人出现，一定不要凶她哦！,0,网络
M1040,漫画,漫画/我爱的人也爱着我，对我来说这简直是个奇迹。,0,网络
M1041,漫画,漫画/是不是现在踏出这一步，下决定的是他。,0,网络
M1042,漫画,漫画/愿时光能缓，愿故人不散！,0,网络
M1043,漫画,漫画/一起去看星星吧。,0,网络
M1044,漫画,漫画/嗯呐......软绵绵的人偶，来治愈你们的哟。,0,网络
M1045,漫画,漫画/今后无论发生什么事也好，这个左手上的⋯⋯都是同伴的记号！,0,网络
M1046,漫画,漫画/如果不能忠于自己的心，胜负又有什么价值呢？,0,网络
M1047,漫画,漫画/一起去看星星吧。,0,网络
M1048,漫画,漫画/憧憬是距离理解最遥远的感情,0,网络
M1049,漫画,漫画/如果不能忠于自己的心，胜负又有什么价值呢？,0,网络
M1050,漫画,漫画/不幸的是我们等了那么多年，幸运的我们那么多年过去还一直在一起,0,网络
M1051,漫画,漫画/我们是学生，学生就要有学生的样子。,0,网络
M1052,漫画,"漫画/爱,其实很简单，困难的是去接受它。",0,网络
M1053,漫画,漫画/此时此刻的咱啊，能和汝在一起，是最幸福的了。,0,网络
M1054,漫画,漫画/其实美丽的故事都是没有结局的，只因为它没有结局所以才会美丽。,0,网络
M1055,漫画,漫画/军人天生就舍弃了战斗的意义！,0,网络
M1056,漫画,漫画/末将于禁，愿为曹家世代赴汤蹈火。,0,网络
M1057,漫画,漫画/温柔正确的人总是难以生存，因为这世界既不温柔，也不正确,0,网络
M1058,漫画,漫画/我们的学生会长，比高达还强。,0,网络
M1059,漫画,漫画/一起去看星星吧。,0,网络
M1060,漫画,漫画/我之所以想变强，是为了活得轻松写意。,0,网络
M1061,漫画,漫画/失去故土的花朵，回不去，却也离不开。,0,网络
M1062,漫画,漫画/任尘世繁华，唯有守护你的一切，才是我此生唯一的使命。,0,网络
M1063,漫画,漫画/任尘世繁华，唯有守护你的一切，才是我此生唯一的使命。,0,网络
M1064,漫画,漫画/如果不能忠于自己的心，胜负又有什么价值呢？,0,网络
M1065,漫画,漫画/憧憬，是距离了解最遥远的一种感情。,0,网络
M1066,漫画,漫画/我今天就是要带她走，我看哪个敢拦我。,0,网络
M1067,漫画,漫画/我之所以想变强，是为了活得轻松写意。,0,网络
M1068,漫画,漫画/我之所以想变强，是为了活得轻松写意。,0,网络
M1069,漫画,漫画/我只是不想再失去他——哪怕是仅存在一瞬的幻影！,0,网络
M1070,漫画,漫画/如果不能忠于自己的心，胜负又有什么价值呢？,0,网络
M1071,漫画,漫画/一定没有问题的！,0,网络
M1072,漫画,漫画/任尘世繁华，唯有守护你的一切，才是我此生唯一的使命。,0,网络
M1073,漫画,漫画/孤独的人不会伤害别人，只会不断地伤害自己罢了。,0,网络
M1074,漫画,漫画/今后无论发生什么事也好，这个左手上的⋯⋯都是同伴的记号！,0,网络
M1075,漫画,漫画/军人天生就舍弃了战斗的意义！,0,网络
M1076,漫画,漫画/我们的学生会长，比高达还强。,0,网络
M1077,漫画,漫画/人总是贪婪的，就像最开始，我也只是想知道你的名字。,0,网络
M1078,漫画,漫画/憧憬，是距离了解最遥远的一种感情。,0,网络
M1079,漫画,漫画/今后无论发生什么事也好，这个左手上的⋯⋯都是同伴的记号！,0,网络
M1080,漫画,漫画/是不是现在踏出这一步，下决定的是他。,0,网络
M1081,漫画,漫画/那天，我听到了种子破土的声音，又细微又坚定。,0,网络
